condition_id,controller,motor,eta,eta_index,rep,trial_seed,protocol_id
pinv_eta_0p49520,pinv,2,0.49520,1,1,63100001,seeded_ic_v1
pinv_eta_0p49520,pinv,2,0.49520,1,2,63100002,seeded_ic_v1
pinv_eta_0p49520,pinv,2,0.49520,1,3,63100003,seeded_ic_v1
pinv_eta_0p49520,pinv,2,0.49520,1,4,63100004,seeded_ic_v1
pinv_eta_0p49520,pinv,2,0.49520,1,5,63100005,seeded_ic_v1
pinv_eta_0p49520,pinv,2,0.49520,1,6,63100006,seeded_ic_v1
pinv_eta_0p49520,pinv,2,0.49520,1,7,63100007,seeded_ic_v1
pinv_eta_0p49520,pinv,2,0.49520,1,8,63100008,seeded_ic_v1
pinv_eta_0p49520,pinv,2,0.49520,1,9,63100009,seeded_ic_v1
pinv_eta_0p49520,pinv,2,0.49520,1,10,63100010,seeded_ic_v1
pinv_eta_0p49520,pinv,2,0.49520,1,11,63100011,seeded_ic_v1
pinv_eta_0p49520,pinv,2,0.49520,1,12,63100012,seeded_ic_v1
pinv_eta_0p49520,pinv,2,0.49520,1,13,63100013,seeded_ic_v1
pinv_eta_0p49520,pinv,2,0.49520,1,14,63100014,seeded_ic_v1
pinv_eta_0p49520,pinv,2,0.49520,1,15,63100015,seeded_ic_v1
pinv_eta_0p49520,pinv,2,0.49520,1,16,63100016,seeded_ic_v1
pinv_eta_0p49520,pinv,2,0.49520,1,17,63100017,seeded_ic_v1
pinv_eta_0p49520,pinv,2,0.49520,1,18,63100018,seeded_ic_v1
pinv_eta_0p49520,pinv,2,0.49520,1,19,63100019,seeded_ic_v1
pinv_eta_0p49520,pinv,2,0.49520,1,20,63100020,seeded_ic_v1
pinv_eta_0p49520,pinv,2,0.49520,1,21,63100021,seeded_ic_v1
pinv_eta_0p49520,pinv,2,0.49520,1,22,63100022,seeded_ic_v1
pinv_eta_0p49520,pinv,2,0.49520,1,23,63100023,seeded_ic_v1
pinv_eta_0p49520,pinv,2,0.49520,1,24,63100024,seeded_ic_v1
pinv_eta_0p49520,pinv,2,0.49520,1,25,63100025,seeded_ic_v1
pinv_eta_0p49520,pinv,2,0.49520,1,26,63100026,seeded_ic_v1
pinv_eta_0p49520,pinv,2,0.49520,1,27,63100027,seeded_ic_v1
pinv_eta_0p49520,pinv,2,0.49520,1,28,63100028,seeded_ic_v1
pinv_eta_0p49520,pinv,2,0.49520,1,29,63100029,seeded_ic_v1
pinv_eta_0p49520,pinv,2,0.49520,1,30,63100030,seeded_ic_v1
pinv_eta_0p49530,pinv,2,0.49530,2,1,63100001,seeded_ic_v1
pinv_eta_0p49530,pinv,2,0.49530,2,2,63100002,seeded_ic_v1
pinv_eta_0p49530,pinv,2,0.49530,2,3,63100003,seeded_ic_v1
pinv_eta_0p49530,pinv,2,0.49530,2,4,63100004,seeded_ic_v1
pinv_eta_0p49530,pinv,2,0.49530,2,5,63100005,seeded_ic_v1
pinv_eta_0p49530,pinv,2,0.49530,2,6,63100006,seeded_ic_v1
pinv_eta_0p49530,pinv,2,0.49530,2,7,63100007,seeded_ic_v1
pinv_eta_0p49530,pinv,2,0.49530,2,8,63100008,seeded_ic_v1
pinv_eta_0p49530,pinv,2,0.49530,2,9,63100009,seeded_ic_v1
pinv_eta_0p49530,pinv,2,0.49530,2,10,63100010,seeded_ic_v1
pinv_eta_0p49530,pinv,2,0.49530,2,11,63100011,seeded_ic_v1
pinv_eta_0p49530,pinv,2,0.49530,2,12,63100012,seeded_ic_v1
pinv_eta_0p49530,pinv,2,0.49530,2,13,63100013,seeded_ic_v1
pinv_eta_0p49530,pinv,2,0.49530,2,14,63100014,seeded_ic_v1
pinv_eta_0p49530,pinv,2,0.49530,2,15,63100015,seeded_ic_v1
pinv_eta_0p49530,pinv,2,0.49530,2,16,63100016,seeded_ic_v1
pinv_eta_0p49530,pinv,2,0.49530,2,17,63100017,seeded_ic_v1
pinv_eta_0p49530,pinv,2,0.49530,2,18,63100018,seeded_ic_v1
pinv_eta_0p49530,pinv,2,0.49530,2,19,63100019,seeded_ic_v1
pinv_eta_0p49530,pinv,2,0.49530,2,20,63100020,seeded_ic_v1
pinv_eta_0p49530,pinv,2,0.49530,2,21,63100021,seeded_ic_v1
pinv_eta_0p49530,pinv,2,0.49530,2,22,63100022,seeded_ic_v1
pinv_eta_0p49530,pinv,2,0.49530,2,23,63100023,seeded_ic_v1
pinv_eta_0p49530,pinv,2,0.49530,2,24,63100024,seeded_ic_v1
pinv_eta_0p49530,pinv,2,0.49530,2,25,63100025,seeded_ic_v1
pinv_eta_0p49530,pinv,2,0.49530,2,26,63100026,seeded_ic_v1
pinv_eta_0p49530,pinv,2,0.49530,2,27,63100027,seeded_ic_v1
pinv_eta_0p49530,pinv,2,0.49530,2,28,63100028,seeded_ic_v1
pinv_eta_0p49530,pinv,2,0.49530,2,29,63100029,seeded_ic_v1
pinv_eta_0p49530,pinv,2,0.49530,2,30,63100030,seeded_ic_v1
pinv_eta_0p49540,pinv,2,0.49540,3,1,63100001,seeded_ic_v1
pinv_eta_0p49540,pinv,2,0.49540,3,2,63100002,seeded_ic_v1
pinv_eta_0p49540,pinv,2,0.49540,3,3,63100003,seeded_ic_v1
pinv_eta_0p49540,pinv,2,0.49540,3,4,63100004,seeded_ic_v1
pinv_eta_0p49540,pinv,2,0.49540,3,5,63100005,seeded_ic_v1
pinv_eta_0p49540,pinv,2,0.49540,3,6,63100006,seeded_ic_v1
pinv_eta_0p49540,pinv,2,0.49540,3,7,63100007,seeded_ic_v1
pinv_eta_0p49540,pinv,2,0.49540,3,8,63100008,seeded_ic_v1
pinv_eta_0p49540,pinv,2,0.49540,3,9,63100009,seeded_ic_v1
pinv_eta_0p49540,pinv,2,0.49540,3,10,63100010,seeded_ic_v1
pinv_eta_0p49540,pinv,2,0.49540,3,11,63100011,seeded_ic_v1
pinv_eta_0p49540,pinv,2,0.49540,3,12,63100012,seeded_ic_v1
pinv_eta_0p49540,pinv,2,0.49540,3,13,63100013,seeded_ic_v1
pinv_eta_0p49540,pinv,2,0.49540,3,14,63100014,seeded_ic_v1
pinv_eta_0p49540,pinv,2,0.49540,3,15,63100015,seeded_ic_v1
pinv_eta_0p49540,pinv,2,0.49540,3,16,63100016,seeded_ic_v1
pinv_eta_0p49540,pinv,2,0.49540,3,17,63100017,seeded_ic_v1
pinv_eta_0p49540,pinv,2,0.49540,3,18,63100018,seeded_ic_v1
pinv_eta_0p49540,pinv,2,0.49540,3,19,63100019,seeded_ic_v1
pinv_eta_0p49540,pinv,2,0.49540,3,20,63100020,seeded_ic_v1
pinv_eta_0p49540,pinv,2,0.49540,3,21,63100021,seeded_ic_v1
pinv_eta_0p49540,pinv,2,0.49540,3,22,63100022,seeded_ic_v1
pinv_eta_0p49540,pinv,2,0.49540,3,23,63100023,seeded_ic_v1
pinv_eta_0p49540,pinv,2,0.49540,3,24,63100024,seeded_ic_v1
pinv_eta_0p49540,pinv,2,0.49540,3,25,63100025,seeded_ic_v1
pinv_eta_0p49540,pinv,2,0.49540,3,26,63100026,seeded_ic_v1
pinv_eta_0p49540,pinv,2,0.49540,3,27,63100027,seeded_ic_v1
pinv_eta_0p49540,pinv,2,0.49540,3,28,63100028,seeded_ic_v1
pinv_eta_0p49540,pinv,2,0.49540,3,29,63100029,seeded_ic_v1
pinv_eta_0p49540,pinv,2,0.49540,3,30,63100030,seeded_ic_v1
pinv_eta_0p49550,pinv,2,0.49550,4,1,63100001,seeded_ic_v1
pinv_eta_0p49550,pinv,2,0.49550,4,2,63100002,seeded_ic_v1
pinv_eta_0p49550,pinv,2,0.49550,4,3,63100003,seeded_ic_v1
pinv_eta_0p49550,pinv,2,0.49550,4,4,63100004,seeded_ic_v1
pinv_eta_0p49550,pinv,2,0.49550,4,5,63100005,seeded_ic_v1
pinv_eta_0p49550,pinv,2,0.49550,4,6,63100006,seeded_ic_v1
pinv_eta_0p49550,pinv,2,0.49550,4,7,63100007,seeded_ic_v1
pinv_eta_0p49550,pinv,2,0.49550,4,8,63100008,seeded_ic_v1
pinv_eta_0p49550,pinv,2,0.49550,4,9,63100009,seeded_ic_v1
pinv_eta_0p49550,pinv,2,0.49550,4,10,63100010,seeded_ic_v1
pinv_eta_0p49550,pinv,2,0.49550,4,11,63100011,seeded_ic_v1
pinv_eta_0p49550,pinv,2,0.49550,4,12,63100012,seeded_ic_v1
pinv_eta_0p49550,pinv,2,0.49550,4,13,63100013,seeded_ic_v1
pinv_eta_0p49550,pinv,2,0.49550,4,14,63100014,seeded_ic_v1
pinv_eta_0p49550,pinv,2,0.49550,4,15,63100015,seeded_ic_v1
pinv_eta_0p49550,pinv,2,0.49550,4,16,63100016,seeded_ic_v1
pinv_eta_0p49550,pinv,2,0.49550,4,17,63100017,seeded_ic_v1
pinv_eta_0p49550,pinv,2,0.49550,4,18,63100018,seeded_ic_v1
pinv_eta_0p49550,pinv,2,0.49550,4,19,63100019,seeded_ic_v1
pinv_eta_0p49550,pinv,2,0.49550,4,20,63100020,seeded_ic_v1
pinv_eta_0p49550,pinv,2,0.49550,4,21,63100021,seeded_ic_v1
pinv_eta_0p49550,pinv,2,0.49550,4,22,63100022,seeded_ic_v1
pinv_eta_0p49550,pinv,2,0.49550,4,23,63100023,seeded_ic_v1
pinv_eta_0p49550,pinv,2,0.49550,4,24,63100024,seeded_ic_v1
pinv_eta_0p49550,pinv,2,0.49550,4,25,63100025,seeded_ic_v1
pinv_eta_0p49550,pinv,2,0.49550,4,26,63100026,seeded_ic_v1
pinv_eta_0p49550,pinv,2,0.49550,4,27,63100027,seeded_ic_v1
pinv_eta_0p49550,pinv,2,0.49550,4,28,63100028,seeded_ic_v1
pinv_eta_0p49550,pinv,2,0.49550,4,29,63100029,seeded_ic_v1
pinv_eta_0p49550,pinv,2,0.49550,4,30,63100030,seeded_ic_v1
pinv_eta_0p49560,pinv,2,0.49560,5,1,63100001,seeded_ic_v1
pinv_eta_0p49560,pinv,2,0.49560,5,2,63100002,seeded_ic_v1
pinv_eta_0p49560,pinv,2,0.49560,5,3,63100003,seeded_ic_v1
pinv_eta_0p49560,pinv,2,0.49560,5,4,63100004,seeded_ic_v1
pinv_eta_0p49560,pinv,2,0.49560,5,5,63100005,seeded_ic_v1
pinv_eta_0p49560,pinv,2,0.49560,5,6,63100006,seeded_ic_v1
pinv_eta_0p49560,pinv,2,0.49560,5,7,63100007,seeded_ic_v1
pinv_eta_0p49560,pinv,2,0.49560,5,8,63100008,seeded_ic_v1
pinv_eta_0p49560,pinv,2,0.49560,5,9,63100009,seeded_ic_v1
pinv_eta_0p49560,pinv,2,0.49560,5,10,63100010,seeded_ic_v1
pinv_eta_0p49560,pinv,2,0.49560,5,11,63100011,seeded_ic_v1
pinv_eta_0p49560,pinv,2,0.49560,5,12,63100012,seeded_ic_v1
pinv_eta_0p49560,pinv,2,0.49560,5,13,63100013,seeded_ic_v1
pinv_eta_0p49560,pinv,2,0.49560,5,14,63100014,seeded_ic_v1
pinv_eta_0p49560,pinv,2,0.49560,5,15,63100015,seeded_ic_v1
pinv_eta_0p49560,pinv,2,0.49560,5,16,63100016,seeded_ic_v1
pinv_eta_0p49560,pinv,2,0.49560,5,17,63100017,seeded_ic_v1
pinv_eta_0p49560,pinv,2,0.49560,5,18,63100018,seeded_ic_v1
pinv_eta_0p49560,pinv,2,0.49560,5,19,63100019,seeded_ic_v1
pinv_eta_0p49560,pinv,2,0.49560,5,20,63100020,seeded_ic_v1
pinv_eta_0p49560,pinv,2,0.49560,5,21,63100021,seeded_ic_v1
pinv_eta_0p49560,pinv,2,0.49560,5,22,63100022,seeded_ic_v1
pinv_eta_0p49560,pinv,2,0.49560,5,23,63100023,seeded_ic_v1
pinv_eta_0p49560,pinv,2,0.49560,5,24,63100024,seeded_ic_v1
pinv_eta_0p49560,pinv,2,0.49560,5,25,63100025,seeded_ic_v1
pinv_eta_0p49560,pinv,2,0.49560,5,26,63100026,seeded_ic_v1
pinv_eta_0p49560,pinv,2,0.49560,5,27,63100027,seeded_ic_v1
pinv_eta_0p49560,pinv,2,0.49560,5,28,63100028,seeded_ic_v1
pinv_eta_0p49560,pinv,2,0.49560,5,29,63100029,seeded_ic_v1
pinv_eta_0p49560,pinv,2,0.49560,5,30,63100030,seeded_ic_v1
pinv_eta_0p49570,pinv,2,0.49570,6,1,63100001,seeded_ic_v1
pinv_eta_0p49570,pinv,2,0.49570,6,2,63100002,seeded_ic_v1
pinv_eta_0p49570,pinv,2,0.49570,6,3,63100003,seeded_ic_v1
pinv_eta_0p49570,pinv,2,0.49570,6,4,63100004,seeded_ic_v1
pinv_eta_0p49570,pinv,2,0.49570,6,5,63100005,seeded_ic_v1
pinv_eta_0p49570,pinv,2,0.49570,6,6,63100006,seeded_ic_v1
pinv_eta_0p49570,pinv,2,0.49570,6,7,63100007,seeded_ic_v1
pinv_eta_0p49570,pinv,2,0.49570,6,8,63100008,seeded_ic_v1
pinv_eta_0p49570,pinv,2,0.49570,6,9,63100009,seeded_ic_v1
pinv_eta_0p49570,pinv,2,0.49570,6,10,63100010,seeded_ic_v1
pinv_eta_0p49570,pinv,2,0.49570,6,11,63100011,seeded_ic_v1
pinv_eta_0p49570,pinv,2,0.49570,6,12,63100012,seeded_ic_v1
pinv_eta_0p49570,pinv,2,0.49570,6,13,63100013,seeded_ic_v1
pinv_eta_0p49570,pinv,2,0.49570,6,14,63100014,seeded_ic_v1
pinv_eta_0p49570,pinv,2,0.49570,6,15,63100015,seeded_ic_v1
pinv_eta_0p49570,pinv,2,0.49570,6,16,63100016,seeded_ic_v1
pinv_eta_0p49570,pinv,2,0.49570,6,17,63100017,seeded_ic_v1
pinv_eta_0p49570,pinv,2,0.49570,6,18,63100018,seeded_ic_v1
pinv_eta_0p49570,pinv,2,0.49570,6,19,63100019,seeded_ic_v1
pinv_eta_0p49570,pinv,2,0.49570,6,20,63100020,seeded_ic_v1
pinv_eta_0p49570,pinv,2,0.49570,6,21,63100021,seeded_ic_v1
pinv_eta_0p49570,pinv,2,0.49570,6,22,63100022,seeded_ic_v1
pinv_eta_0p49570,pinv,2,0.49570,6,23,63100023,seeded_ic_v1
pinv_eta_0p49570,pinv,2,0.49570,6,24,63100024,seeded_ic_v1
pinv_eta_0p49570,pinv,2,0.49570,6,25,63100025,seeded_ic_v1
pinv_eta_0p49570,pinv,2,0.49570,6,26,63100026,seeded_ic_v1
pinv_eta_0p49570,pinv,2,0.49570,6,27,63100027,seeded_ic_v1
pinv_eta_0p49570,pinv,2,0.49570,6,28,63100028,seeded_ic_v1
pinv_eta_0p49570,pinv,2,0.49570,6,29,63100029,seeded_ic_v1
pinv_eta_0p49570,pinv,2,0.49570,6,30,63100030,seeded_ic_v1
pinv_eta_0p49580,pinv,2,0.49580,7,1,63100001,seeded_ic_v1
pinv_eta_0p49580,pinv,2,0.49580,7,2,63100002,seeded_ic_v1
pinv_eta_0p49580,pinv,2,0.49580,7,3,63100003,seeded_ic_v1
pinv_eta_0p49580,pinv,2,0.49580,7,4,63100004,seeded_ic_v1
pinv_eta_0p49580,pinv,2,0.49580,7,5,63100005,seeded_ic_v1
pinv_eta_0p49580,pinv,2,0.49580,7,6,63100006,seeded_ic_v1
pinv_eta_0p49580,pinv,2,0.49580,7,7,63100007,seeded_ic_v1
pinv_eta_0p49580,pinv,2,0.49580,7,8,63100008,seeded_ic_v1
pinv_eta_0p49580,pinv,2,0.49580,7,9,63100009,seeded_ic_v1
pinv_eta_0p49580,pinv,2,0.49580,7,10,63100010,seeded_ic_v1
pinv_eta_0p49580,pinv,2,0.49580,7,11,63100011,seeded_ic_v1
pinv_eta_0p49580,pinv,2,0.49580,7,12,63100012,seeded_ic_v1
pinv_eta_0p49580,pinv,2,0.49580,7,13,63100013,seeded_ic_v1
pinv_eta_0p49580,pinv,2,0.49580,7,14,63100014,seeded_ic_v1
pinv_eta_0p49580,pinv,2,0.49580,7,15,63100015,seeded_ic_v1
pinv_eta_0p49580,pinv,2,0.49580,7,16,63100016,seeded_ic_v1
pinv_eta_0p49580,pinv,2,0.49580,7,17,63100017,seeded_ic_v1
pinv_eta_0p49580,pinv,2,0.49580,7,18,63100018,seeded_ic_v1
pinv_eta_0p49580,pinv,2,0.49580,7,19,63100019,seeded_ic_v1
pinv_eta_0p49580,pinv,2,0.49580,7,20,63100020,seeded_ic_v1
pinv_eta_0p49580,pinv,2,0.49580,7,21,63100021,seeded_ic_v1
pinv_eta_0p49580,pinv,2,0.49580,7,22,63100022,seeded_ic_v1
pinv_eta_0p49580,pinv,2,0.49580,7,23,63100023,seeded_ic_v1
pinv_eta_0p49580,pinv,2,0.49580,7,24,63100024,seeded_ic_v1
pinv_eta_0p49580,pinv,2,0.49580,7,25,63100025,seeded_ic_v1
pinv_eta_0p49580,pinv,2,0.49580,7,26,63100026,seeded_ic_v1
pinv_eta_0p49580,pinv,2,0.49580,7,27,63100027,seeded_ic_v1
pinv_eta_0p49580,pinv,2,0.49580,7,28,63100028,seeded_ic_v1
pinv_eta_0p49580,pinv,2,0.49580,7,29,63100029,seeded_ic_v1
pinv_eta_0p49580,pinv,2,0.49580,7,30,63100030,seeded_ic_v1
