sequence_index,motor,repetition_within_motor,trial_seed,selected_policy,runtime_controller,source_csv,rows,fault_z,fault_vz,contact_t,safe_touchdown,vertical_speed_mps,vertical_speed_margin_mps,horizontal_speed_mps,max_tilt_deg,angular_rate_radps,horizontal_drift_m,vertical_speed_ok,horizontal_speed_ok,roll_pitch_ok,angular_rate_ok,drift_ok
1,2,1,25280001,pinv_bounded_wls,pinv,logs/qp_event_allocator_m2_eta0p496_seededsupervisor_production120_m2_eta0p496_seed25280001.csv,4194,0.7006510496139526,-0.003644235199317336,15.171826124191284,True,0.32266902923583984,0.027330970764160134,0.007813347548453602,0.019353419542312622,0.07879351708018657,0.007527411222083526,True,True,True,True,True
2,4,1,45280001,cem_tuned_qplite,qplite,logs/qp_event_allocator_m4_eta0p496_seededsupervisor_production120_m4_eta0p496_seed45280001.csv,4189,0.7252540588378906,-0.0037124676164239645,13.586820125579834,True,0.34996503591537476,3.4964084625221936e-05,0.01933148129703304,0.03978118672966957,0.019673561021057086,0.29069700049237474,True,True,True,True,True
3,4,2,45280002,cem_tuned_qplite,qplite,logs/qp_event_allocator_m4_eta0p496_seededsupervisor_production120_m4_eta0p496_seed45280002.csv,4197,0.7118175625801086,-0.0037090282421559095,13.605844259262085,True,0.33825448155403137,0.011745518445968606,0.019184288353959744,0.036158736795186996,0.018889846681617216,0.3087575240223192,True,True,True,True,True
4,1,1,15280001,cem_tuned_qplite,qplite,logs/qp_event_allocator_m1_eta0p496_seededsupervisor_production120_m1_eta0p496_seed15280001.csv,4203,0.7034004330635071,-0.003876312403008342,13.18747615814209,True,0.320808470249176,0.029191529750823952,0.019207141497018104,0.21655486524105072,0.021636584967903612,0.3216483526970422,True,True,True,True,True
5,1,2,15280002,cem_tuned_qplite,qplite,logs/qp_event_allocator_m1_eta0p496_seededsupervisor_production120_m1_eta0p496_seed15280002.csv,4176,0.7064445614814758,-0.003918051719665527,12.964503526687622,True,0.33578407764434814,0.014215922355651833,0.019816735828919244,0.1795070767402649,0.022622799693064143,0.3129506124859878,True,True,True,True,True
6,1,3,15280003,cem_tuned_qplite,qplite,logs/qp_event_allocator_m1_eta0p496_seededsupervisor_production120_m1_eta0p496_seed15280003.csv,4215,0.7277427315711975,-0.003954474814236164,13.284929275512695,True,0.34243044257164,0.007569557428359963,0.018988474186607582,0.16784323751926422,0.022472326153369308,0.3041665837976109,True,True,True,True,True
7,2,2,25280002,pinv_bounded_wls,pinv,logs/qp_event_allocator_m2_eta0p496_seededsupervisor_production120_m2_eta0p496_seed25280002.csv,4164,0.7158154845237732,-0.004018566571176052,15.045310974121094,True,0.32539913058280945,0.02460086941719053,0.0076194033616617,0.01982276886701584,0.07665002058557108,0.02444888491159492,True,True,True,True,True
8,4,3,45280003,cem_tuned_qplite,qplite,logs/qp_event_allocator_m4_eta0p496_seededsupervisor_production120_m4_eta0p496_seed45280003.csv,4173,0.7082499861717224,-0.003935924265533686,13.444701910018921,True,0.3416301906108856,0.008369809389114358,0.020596489468988222,0.07488083094358444,0.019642501478599368,0.34472870862845073,True,True,True,True,True
9,3,1,35280001,cem_tuned_qplite,qplite,logs/qp_event_allocator_m3_eta0p496_seededsupervisor_production120_m3_eta0p496_seed35280001.csv,4170,0.6943177580833435,-0.0036976232659071684,12.845603466033936,True,0.3269006311893463,0.023099368810653664,0.02642341266102342,0.16439972817897797,0.024574327965395944,0.3263251642266633,True,True,True,True,True
10,4,4,45280004,cem_tuned_qplite,qplite,logs/qp_event_allocator_m4_eta0p496_seededsupervisor_production120_m4_eta0p496_seed45280004.csv,4221,0.7100706100463867,-0.003756785299628973,13.86542558670044,True,0.32941001653671265,0.02058998346328733,0.01917486079628884,0.09311336278915405,0.01866491633531027,0.31202740851225746,True,True,True,True,True
11,3,2,35280002,cem_tuned_qplite,qplite,logs/qp_event_allocator_m3_eta0p496_seededsupervisor_production120_m3_eta0p496_seed35280002.csv,4218,0.7111932635307312,-0.0037201768718659878,13.525841474533081,True,0.2831612229347229,0.06683877706527708,0.022270523754650055,0.20392365753650665,0.02044854305862221,0.3650443738805092,True,True,True,True,True
12,1,4,15280004,cem_tuned_qplite,qplite,logs/qp_event_allocator_m1_eta0p496_seededsupervisor_production120_m1_eta0p496_seed15280004.csv,4170,0.7029346823692322,-0.004071430303156376,12.864388465881348,True,0.33410972356796265,0.01589027643203733,0.02069575623838806,0.18400080502033234,0.024326760690316453,0.3050549389001259,True,True,True,True,True
13,1,5,15280005,cem_tuned_qplite,qplite,logs/qp_event_allocator_m1_eta0p496_seededsupervisor_production120_m1_eta0p496_seed15280005.csv,4200,0.7063329219818115,-0.003664527554064989,13.186256170272827,True,0.3221209943294525,0.027879005670547463,0.020082483449332986,0.2025604099035263,0.022496707277419245,0.3189238239709392,True,True,True,True,True
14,2,3,25280003,pinv_bounded_wls,pinv,logs/qp_event_allocator_m2_eta0p496_seededsupervisor_production120_m2_eta0p496_seed25280003.csv,4197,0.7096449732780457,-0.0037007760256528854,15.20440936088562,True,0.32631582021713257,0.02368417978286741,0.007398002688058087,0.0331958532333374,0.08204527361364933,0.05312787263715803,True,True,True,True,True
15,2,4,25280004,pinv_bounded_wls,pinv,logs/qp_event_allocator_m2_eta0p496_seededsupervisor_production120_m2_eta0p496_seed25280004.csv,4233,0.7228578925132751,-0.003573791589587927,15.543710947036743,True,0.3226872682571411,0.027312731742858865,0.007414680498941466,0.02145472727715969,0.07514810042901042,0.014530700758593777,True,True,True,True,True
16,1,6,15280006,cem_tuned_qplite,qplite,logs/qp_event_allocator_m1_eta0p496_seededsupervisor_production120_m1_eta0p496_seed15280006.csv,4200,0.707343578338623,-0.0036981559824198484,13.146241903305054,True,0.32918959856033325,0.020810401439666726,0.02065025709638851,0.20666347444057465,0.024530676122722837,0.30616658171090705,True,True,True,True,True
17,3,3,35280003,cem_tuned_qplite,qplite,logs/qp_event_allocator_m3_eta0p496_seededsupervisor_production120_m3_eta0p496_seed35280003.csv,4161,0.7091537714004517,-0.00409906730055809,12.846105813980103,True,0.33302634954452515,0.01697365045547483,0.02423477296280699,0.15240295231342316,0.02094111537618528,0.33674616063154605,True,True,True,True,True
18,4,5,45280005,cem_tuned_qplite,qplite,logs/qp_event_allocator_m4_eta0p496_seededsupervisor_production120_m4_eta0p496_seed45280005.csv,4206,0.7117647528648376,-0.003738557919859886,13.505992889404297,False,0.3711581528186798,-0.021158152818679832,0.02092186567199409,0.055640608072280884,0.01975510607668529,0.30042238142091393,False,True,True,True,True
19,2,5,25280005,pinv_bounded_wls,pinv,logs/qp_event_allocator_m2_eta0p496_seededsupervisor_production120_m2_eta0p496_seed25280005.csv,4206,0.7006208896636963,-0.003816463053226471,15.24501347541809,True,0.32477468252182007,0.02522531747817991,0.008093762006549928,0.026379913091659546,0.07969326469094994,0.03621308896997961,True,True,True,True,True
20,4,6,45280006,cem_tuned_qplite,qplite,logs/qp_event_allocator_m4_eta0p496_seededsupervisor_production120_m4_eta0p496_seed45280006.csv,4223,0.7044337391853333,-0.0036279617343097925,13.784658432006836,True,0.3399287462234497,0.01007125377655027,0.020035899926867707,0.05879594013094902,0.018771358989915762,0.32562965703684466,True,True,True,True,True
21,2,6,25280006,pinv_bounded_wls,pinv,logs/qp_event_allocator_m2_eta0p496_seededsupervisor_production120_m2_eta0p496_seed25280006.csv,4164,0.7335335612297058,-0.004140229895710945,15.025068283081055,True,0.33543860912323,0.014561390876769997,0.008028722907040204,0.022668516263365746,0.07802621299278564,0.009958378397942795,True,True,True,True,True
22,2,7,25280007,pinv_bounded_wls,pinv,logs/qp_event_allocator_m2_eta0p496_seededsupervisor_production120_m2_eta0p496_seed25280007.csv,4215,0.696178138256073,-0.003817771328613162,15.251261711120605,True,0.3328363001346588,0.017163699865341164,0.00848713429899514,0.02126319520175457,0.07776430316337929,0.015201618864128049,True,True,True,True,True
23,3,4,35280004,cem_tuned_qplite,qplite,logs/qp_event_allocator_m3_eta0p496_seededsupervisor_production120_m3_eta0p496_seed35280004.csv,4188,0.7267038226127625,-0.0038288203068077564,13.106938123703003,True,0.3284408152103424,0.02155918478965757,0.020980672286389463,0.15502965450286865,0.02260335052500839,0.30252124636810246,True,True,True,True,True
24,3,5,35280005,cem_tuned_qplite,qplite,logs/qp_event_allocator_m3_eta0p496_seededsupervisor_production120_m3_eta0p496_seed35280005.csv,4176,0.7108876705169678,-0.003788773436099291,12.986716032028198,True,0.3230694830417633,0.026930516958236672,0.02553205593806218,0.216398224234581,0.022486810971061637,0.35430118235069274,True,True,True,True,True
25,1,7,15280007,cem_tuned_qplite,qplite,logs/qp_event_allocator_m1_eta0p496_seededsupervisor_production120_m1_eta0p496_seed15280007.csv,4200,0.7236862182617188,-0.0038333621341735125,13.166248798370361,True,0.3386753499507904,0.011324650049209573,0.0177438580132921,0.14612022042274475,0.021985142683703204,0.28750926852298614,True,True,True,True,True
26,3,6,35280006,cem_tuned_qplite,qplite,logs/qp_event_allocator_m3_eta0p496_seededsupervisor_production120_m3_eta0p496_seed35280006.csv,4215,0.7068120837211609,-0.0037701164837926626,13.285242557525635,True,0.31414636969566345,0.035853630304336526,0.02496625754784399,0.21488772332668304,0.021009994833666876,0.3241596910870716,True,True,True,True,True
27,2,8,25280008,pinv_bounded_wls,pinv,logs/qp_event_allocator_m2_eta0p496_seededsupervisor_production120_m2_eta0p496_seed25280008.csv,4185,0.7110421061515808,-0.0038769543170928955,15.184775114059448,True,0.3273840844631195,0.02261591553688047,0.0080527394039385,0.017493944615125656,0.08008608984049678,0.01451108383627085,True,True,True,True,True
28,3,7,35280007,cem_tuned_qplite,qplite,logs/qp_event_allocator_m3_eta0p496_seededsupervisor_production120_m3_eta0p496_seed35280007.csv,4212,0.7292043566703796,-0.0038385207299143076,13.325097560882568,True,0.32657065987586975,0.023429340124130227,0.023381663092932173,0.1755153089761734,0.021883714307075034,0.338159858674913,True,True,True,True,True
29,4,7,45280007,cem_tuned_qplite,qplite,logs/qp_event_allocator_m4_eta0p496_seededsupervisor_production120_m4_eta0p496_seed45280007.csv,4161,0.6972084045410156,-0.003873273963108659,13.312316656112671,True,0.3348269462585449,0.015173053741455056,0.019793899484098234,0.06163277104496956,0.02055252752665445,0.32488468320017605,True,True,True,True,True
30,1,8,15280008,cem_tuned_qplite,qplite,logs/qp_event_allocator_m1_eta0p496_seededsupervisor_production120_m1_eta0p496_seed15280008.csv,4167,0.7325239777565002,-0.004371198359876871,12.764264822006226,False,0.35518109798431396,-0.005181097984313987,0.02142350361805421,0.10100366175174713,0.02300500051439291,0.27366598619996896,False,True,True,True,True
31,3,8,35280008,cem_tuned_qplite,qplite,logs/qp_event_allocator_m3_eta0p496_seededsupervisor_production120_m3_eta0p496_seed35280008.csv,4188,0.7279287576675415,-0.004133830778300762,13.18389630317688,True,0.32269373536109924,0.027306264638900735,0.02374128153757298,0.1868455410003662,0.020618259679433,0.3464506073142447,True,True,True,True,True
32,3,9,35280009,cem_tuned_qplite,qplite,logs/qp_event_allocator_m3_eta0p496_seededsupervisor_production120_m3_eta0p496_seed35280009.csv,4170,0.7075797319412231,-0.004070892930030823,12.98656940460205,True,0.3123347759246826,0.03766522407531736,0.026460581462003745,0.24476206302642822,0.021466997094177015,0.3427415848130547,True,True,True,True,True
33,4,8,45280008,cem_tuned_qplite,qplite,logs/qp_event_allocator_m4_eta0p496_seededsupervisor_production120_m4_eta0p496_seed45280008.csv,4224,0.7054211497306824,-0.0033369704615324736,13.871349334716797,True,0.3336120545864105,0.016387945413589455,0.02025414204708383,0.09397748112678528,0.018503612905495192,0.3449211454399894,True,True,True,True,True
34,4,9,45280009,cem_tuned_qplite,qplite,logs/qp_event_allocator_m4_eta0p496_seededsupervisor_production120_m4_eta0p496_seed45280009.csv,4218,0.6923313140869141,-0.003720795502886176,13.623329162597656,True,0.3340439200401306,0.015956079959869363,0.019540548648042753,0.034013114869594574,0.019890313521375463,0.28469216958889515,True,True,True,True,True
35,1,9,15280009,cem_tuned_qplite,qplite,logs/qp_event_allocator_m1_eta0p496_seededsupervisor_production120_m1_eta0p496_seed15280009.csv,4173,0.7194878458976746,-0.003841566853225231,13.03101372718811,True,0.32655099034309387,0.023449009656906106,0.019588283659814403,0.1786942481994629,0.0209040259514746,0.3056254185885896,True,True,True,True,True
36,4,10,45280010,cem_tuned_qplite,qplite,logs/qp_event_allocator_m4_eta0p496_seededsupervisor_production120_m4_eta0p496_seed45280010.csv,4221,0.7025255560874939,-0.003524012165144086,13.706938028335571,True,0.34255921840667725,0.007440781593322732,0.02340245602933372,0.11818259954452515,0.019555976200911523,0.3390801732067794,True,True,True,True,True
37,2,9,25280009,pinv_bounded_wls,pinv,logs/qp_event_allocator_m2_eta0p496_seededsupervisor_production120_m2_eta0p496_seed25280009.csv,4200,0.6938702464103699,-0.0036794552579522133,15.169864177703857,True,0.3220904767513275,0.027909523248672463,0.007335393062360786,0.03875359147787094,0.07989590068998369,0.02540522270178133,True,True,True,True,True
38,1,10,15280010,cem_tuned_qplite,qplite,logs/qp_event_allocator_m1_eta0p496_seededsupervisor_production120_m1_eta0p496_seed15280010.csv,4206,0.6996699571609497,-0.003669300116598606,13.103901147842407,True,0.34020981192588806,0.009790188074111916,0.02010431578387082,0.12763181328773499,0.02346553875160588,0.3182486515445032,True,True,True,True,True
39,3,10,35280010,cem_tuned_qplite,qplite,logs/qp_event_allocator_m3_eta0p496_seededsupervisor_production120_m3_eta0p496_seed35280010.csv,4170,0.7060213685035706,-0.003959550056606531,12.92521357536316,True,0.3269091844558716,0.023090815544128396,0.02322143285575511,0.15911100804805756,0.022181806241572902,0.3380634663692093,True,True,True,True,True
40,3,11,35280011,cem_tuned_qplite,qplite,logs/qp_event_allocator_m3_eta0p496_seededsupervisor_production120_m3_eta0p496_seed35280011.csv,4207,0.7112846374511719,-0.00350363296456635,13.205785751342773,True,0.3249746859073639,0.025025314092636086,0.023540720664995244,0.17479722201824188,0.022480310608501794,0.3250362906994318,True,True,True,True,True
41,2,10,25280010,pinv_bounded_wls,pinv,logs/qp_event_allocator_m2_eta0p496_seededsupervisor_production120_m2_eta0p496_seed25280010.csv,4164,0.7319479584693909,-0.0042517902329564095,15.047534704208374,True,0.33738547563552856,0.012614524364471413,0.008057244584591042,0.02394462376832962,0.07884801506743241,0.030891417793005353,True,True,True,True,True
42,4,11,45280011,cem_tuned_qplite,qplite,logs/qp_event_allocator_m4_eta0p496_seededsupervisor_production120_m4_eta0p496_seed45280011.csv,4173,0.7125313878059387,-0.0041440511122345924,13.444268941879272,True,0.3441472053527832,0.005852794647216775,0.01919695354358968,0.025240670889616013,0.01962589155220136,0.3187376308406052,True,True,True,True,True
43,3,12,35280012,cem_tuned_qplite,qplite,logs/qp_event_allocator_m3_eta0p496_seededsupervisor_production120_m3_eta0p496_seed35280012.csv,4188,0.7341880798339844,-0.0038642471190541983,13.08406949043274,True,0.34081485867500305,0.009185141324996926,0.025114491157220618,0.17518235743045807,0.021282111076833032,0.3201886518479316,True,True,True,True,True
44,2,11,25280011,pinv_bounded_wls,pinv,logs/qp_event_allocator_m2_eta0p496_seededsupervisor_production120_m2_eta0p496_seed25280011.csv,4161,0.7023015022277832,-0.003966758493334055,14.91315770149231,True,0.3260285258293152,0.023971474170684792,0.00825219411697968,0.020660245791077614,0.0745768556168383,0.02196108497442279,True,True,True,True,True
45,1,11,15280011,cem_tuned_qplite,qplite,logs/qp_event_allocator_m1_eta0p496_seededsupervisor_production120_m1_eta0p496_seed15280011.csv,4188,0.7037018537521362,-0.0037843037862330675,13.086652278900146,True,0.32425275444984436,0.025747245550155617,0.01826074563358553,0.16642792522907257,0.02220439237242703,0.317971780566833,True,True,True,True,True
46,2,12,25280012,pinv_bounded_wls,pinv,logs/qp_event_allocator_m2_eta0p496_seededsupervisor_production120_m2_eta0p496_seed25280012.csv,4170,0.7082549333572388,-0.0038636140525341034,15.065555095672607,True,0.32639649510383606,0.023603504896163918,0.00782410358246389,0.02314753271639347,0.08099183841779094,0.008266976796032728,True,True,True,True,True
47,1,12,15280012,cem_tuned_qplite,qplite,logs/qp_event_allocator_m1_eta0p496_seededsupervisor_production120_m1_eta0p496_seed15280012.csv,4185,0.7206204533576965,-0.0039867800660431385,13.168161630630493,True,0.32732322812080383,0.022676771879196145,0.020694382942014422,0.19266149401664734,0.021525340508276054,0.3028590661893162,True,True,True,True,True
48,4,12,45280012,cem_tuned_qplite,qplite,logs/qp_event_allocator_m4_eta0p496_seededsupervisor_production120_m4_eta0p496_seed45280012.csv,4203,0.7268406748771667,-0.0036180217284709215,13.74474811553955,True,0.3427261412143707,0.00727385878562925,0.0203656945779122,0.10839591175317764,0.01851820278505503,0.3483061264272973,True,True,True,True,True
49,2,13,25280013,pinv_bounded_wls,pinv,logs/qp_event_allocator_m2_eta0p496_seededsupervisor_production120_m2_eta0p496_seed25280013.csv,4179,0.7229225635528564,-0.003954992163926363,15.063292980194092,True,0.3335842490196228,0.016415750980377175,0.007313937588046011,0.04188314825296402,0.07242446841514087,0.010874870387254402,True,True,True,True,True
50,3,13,35280013,cem_tuned_qplite,qplite,logs/qp_event_allocator_m3_eta0p496_seededsupervisor_production120_m3_eta0p496_seed35280013.csv,4215,0.7299235463142395,-0.003879734082147479,13.347603559494019,True,0.33240509033203125,0.017594909667968728,0.024534114768171824,0.1817389726638794,0.02060155519013022,0.3243995011465176,True,True,True,True,True
51,1,13,15280013,cem_tuned_qplite,qplite,logs/qp_event_allocator_m1_eta0p496_seededsupervisor_production120_m1_eta0p496_seed15280013.csv,4158,0.7078217267990112,-0.004276544786989689,12.845493078231812,True,0.3325488269329071,0.017451173067092873,0.020562627708548473,0.18065707385540009,0.023754949045469098,0.3220478805185303,True,True,True,True,True
52,1,14,15280014,cem_tuned_qplite,qplite,logs/qp_event_allocator_m1_eta0p496_seededsupervisor_production120_m1_eta0p496_seed15280014.csv,4215,0.6952173113822937,-0.003646301571279764,13.270703554153442,True,0.3149498701095581,0.03505012989044187,0.019384926968032318,0.19268019497394562,0.022217906316871146,0.29645057578861056,True,True,True,True,True
53,2,14,25280014,pinv_bounded_wls,pinv,logs/qp_event_allocator_m2_eta0p496_seededsupervisor_production120_m2_eta0p496_seed25280014.csv,4215,0.7244195342063904,-0.0035793848801404238,15.324254512786865,True,0.33772245049476624,0.012277549505233742,0.00788873688483931,0.02983759343624115,0.08103373532336752,0.021929263873263,True,True,True,True,True
54,3,14,35280014,cem_tuned_qplite,qplite,logs/qp_event_allocator_m3_eta0p496_seededsupervisor_production120_m3_eta0p496_seed35280014.csv,4197,0.7022989988327026,-0.003541650017723441,13.185476541519165,True,0.30729708075523376,0.04270291924476621,0.025814742536744848,0.24375228583812714,0.02164938280888898,0.3657259370708525,True,True,True,True,True
55,3,15,35280015,cem_tuned_qplite,qplite,logs/qp_event_allocator_m3_eta0p496_seededsupervisor_production120_m3_eta0p496_seed35280015.csv,4167,0.7320190668106079,-0.004469694569706917,13.003653287887573,True,0.33627456426620483,0.013725435733795144,0.0241270022412902,0.16990627348423004,0.02079201297303012,0.33072173198362,True,True,True,True,True
56,3,16,35280016,cem_tuned_qplite,qplite,logs/qp_event_allocator_m3_eta0p496_seededsupervisor_production120_m3_eta0p496_seed35280016.csv,4191,0.7051986455917358,-0.0037055418360978365,13.113976240158081,True,0.3199109733104706,0.030089026689529397,0.030265614739552877,0.25765299797058105,0.021336835311285975,0.35933754653722033,True,True,True,True,True
57,3,17,35280017,cem_tuned_qplite,qplite,logs/qp_event_allocator_m3_eta0p496_seededsupervisor_production120_m3_eta0p496_seed35280017.csv,4233,0.7122226357460022,-0.003593593603000045,13.565857887268066,True,0.2986763119697571,0.0513236880302429,0.023905347203761924,0.21747513115406036,0.02120317477371521,0.34170449282134113,True,True,True,True,True
58,4,13,45280013,cem_tuned_qplite,qplite,logs/qp_event_allocator_m4_eta0p496_seededsupervisor_production120_m4_eta0p496_seed45280013.csv,4182,0.6996341347694397,-0.0038800714537501335,13.544863939285278,True,0.3283439576625824,0.02165604233741758,0.021168717034027267,0.10423799604177475,0.020411376894728238,0.3333265200499783,True,True,True,True,True
59,3,18,35280018,cem_tuned_qplite,qplite,logs/qp_event_allocator_m3_eta0p496_seededsupervisor_production120_m3_eta0p496_seed35280018.csv,4197,0.726401686668396,-0.00415164465084672,13.233702898025513,True,0.32528409361839294,0.024715906381607033,0.025380012965716264,0.19779126346111298,0.02047336501443929,0.36617764932821095,True,True,True,True,True
60,4,14,45280014,cem_tuned_qplite,qplite,logs/qp_event_allocator_m4_eta0p496_seededsupervisor_production120_m4_eta0p496_seed45280014.csv,4227,0.6928514838218689,-0.003670660313218832,14.484273433685303,True,0.284252792596817,0.06574720740318296,0.0197361903642037,0.3341619074344635,0.016121601442361397,0.39099551970723645,True,True,True,True,True
61,3,19,35280019,cem_tuned_qplite,qplite,logs/qp_event_allocator_m3_eta0p496_seededsupervisor_production120_m3_eta0p496_seed35280019.csv,4185,0.7227473855018616,-0.004064719658344984,13.045140027999878,True,0.3312656283378601,0.01873437166213987,0.02272706165080894,0.14233066141605377,0.02106150937716194,0.2928384356224441,True,True,True,True,True
62,4,15,45280015,cem_tuned_qplite,qplite,logs/qp_event_allocator_m4_eta0p496_seededsupervisor_production120_m4_eta0p496_seed45280015.csv,4179,0.7259955406188965,-0.00406304094940424,13.445202112197876,True,0.3488231897354126,0.0011768102645873801,0.019689179668355268,0.027323193848133087,0.019634120303598603,0.2905033437457201,True,True,True,True,True
63,4,16,45280016,cem_tuned_qplite,qplite,logs/qp_event_allocator_m4_eta0p496_seededsupervisor_production120_m4_eta0p496_seed45280016.csv,4209,0.6980668306350708,-0.00353815546259284,13.664949893951416,True,0.3328576683998108,0.017142331600189187,0.020707910787550955,0.0645848736166954,0.01860121181398561,0.3324789259154137,True,True,True,True,True
64,4,17,45280017,cem_tuned_qplite,qplite,logs/qp_event_allocator_m4_eta0p496_seededsupervisor_production120_m4_eta0p496_seed45280017.csv,4218,0.6952499151229858,-0.003425265196710825,13.60421872138977,True,0.3360670804977417,0.013932919502258279,0.01957425543261089,0.026007037609815598,0.02094346374312004,0.30392779742778075,True,True,True,True,True
65,1,15,15280015,cem_tuned_qplite,qplite,logs/qp_event_allocator_m1_eta0p496_seededsupervisor_production120_m1_eta0p496_seed15280015.csv,4209,0.7049188017845154,-0.003981221932917833,13.165632247924805,True,0.3377701938152313,0.012229806184768655,0.01876994823910858,0.132548987865448,0.023039268196402216,0.2825330389459639,True,True,True,True,True
66,4,18,45280018,cem_tuned_qplite,qplite,logs/qp_event_allocator_m4_eta0p496_seededsupervisor_production120_m4_eta0p496_seed45280018.csv,4179,0.7098614573478699,-0.0036879682447761297,13.40467357635498,True,0.3476133942604065,0.0023866057395934837,0.020462999623206465,0.027721747756004333,0.019568448385118033,0.3449111394729596,True,True,True,True,True
67,3,20,35280020,cem_tuned_qplite,qplite,logs/qp_event_allocator_m3_eta0p496_seededsupervisor_production120_m3_eta0p496_seed35280020.csv,4182,0.7195339798927307,-0.003712083911523223,13.105360269546509,True,0.3228453993797302,0.027154600620269753,0.02301082476823765,0.17237618565559387,0.020599486253042133,0.3225047884453813,True,True,True,True,True
68,4,19,45280019,cem_tuned_qplite,qplite,logs/qp_event_allocator_m4_eta0p496_seededsupervisor_production120_m4_eta0p496_seed45280019.csv,4185,0.6956314444541931,-0.003935597371309996,13.450031280517578,True,0.33219820261001587,0.01780179738998411,0.021241265170191096,0.05647101625800133,0.019801519773518867,0.3062625209107779,True,True,True,True,True
69,4,20,45280020,cem_tuned_qplite,qplite,logs/qp_event_allocator_m4_eta0p496_seededsupervisor_production120_m4_eta0p496_seed45280020.csv,4185,0.6970243453979492,-0.0038495585322380066,13.464152574539185,True,0.33539626002311707,0.014603739976882912,0.0202833700510828,0.04595313221216202,0.01836989897795703,0.3211236861801074,True,True,True,True,True
70,1,16,15280016,cem_tuned_qplite,qplite,logs/qp_event_allocator_m1_eta0p496_seededsupervisor_production120_m1_eta0p496_seed15280016.csv,4197,0.6965685486793518,-0.003596643218770623,13.189969062805176,True,0.3017062544822693,0.04829374551773069,0.012584012936879403,0.18801367282867432,0.023868085910804807,0.2141551487016764,True,True,True,True,True
71,4,21,45280021,cem_tuned_qplite,qplite,logs/qp_event_allocator_m4_eta0p496_seededsupervisor_production120_m4_eta0p496_seed45280021.csv,4200,0.7060986161231995,-0.003863200545310974,13.449128150939941,False,0.35613149404525757,-0.0061314940452575906,0.02001281139366652,0.02724386192858219,0.02113334589998799,0.2616281702418758,False,True,True,True,True
72,1,17,15280017,cem_tuned_qplite,qplite,logs/qp_event_allocator_m1_eta0p496_seededsupervisor_production120_m1_eta0p496_seed15280017.csv,4209,0.6949182748794556,-0.003555219853296876,13.16663384437561,True,0.329364150762558,0.020635849237441994,0.020846536100500766,0.17467878758907318,0.022998025829400727,0.3107655512494581,True,True,True,True,True
73,1,18,15280018,cem_tuned_qplite,qplite,logs/qp_event_allocator_m1_eta0p496_seededsupervisor_production120_m1_eta0p496_seed15280018.csv,4221,0.713699460029602,-0.003675595624372363,13.284304857254028,True,0.3329811096191406,0.017018890380859353,0.018460137291737632,0.13897036015987396,0.02496052112147576,0.31321950175947016,True,True,True,True,True
74,2,15,25280015,pinv_bounded_wls,pinv,logs/qp_event_allocator_m2_eta0p496_seededsupervisor_production120_m2_eta0p496_seed25280015.csv,4227,0.7283055186271667,-0.004000081215053797,15.423504829406738,True,0.3335329592227936,0.0164670407772064,0.007612862687765591,0.02471037581562996,0.08201184615101559,0.028652618119834432,True,True,True,True,True
75,3,21,35280021,cem_tuned_qplite,qplite,logs/qp_event_allocator_m3_eta0p496_seededsupervisor_production120_m3_eta0p496_seed35280021.csv,4206,0.726426362991333,-0.003798198886215687,13.204097270965576,True,0.3327036201953888,0.017296379804611184,0.02283743224150786,0.14577120542526245,0.021008934281466794,0.33409806248008894,True,True,True,True,True
76,2,16,25280016,pinv_bounded_wls,pinv,logs/qp_event_allocator_m2_eta0p496_seededsupervisor_production120_m2_eta0p496_seed25280016.csv,4197,0.7204205989837646,-0.003704371163621545,15.244868755340576,True,0.33228176832199097,0.01771823167800901,0.007373773774122602,0.02965095452964306,0.08096019010630495,0.018588183722094538,True,True,True,True,True
77,1,19,15280019,cem_tuned_qplite,qplite,logs/qp_event_allocator_m1_eta0p496_seededsupervisor_production120_m1_eta0p496_seed15280019.csv,4218,0.7312242388725281,-0.003849269589409232,13.368368864059448,True,0.34127315878868103,0.008726841211318948,0.01978196753921823,0.16017532348632812,0.023978398524406423,0.3029049454409913,True,True,True,True,True
78,1,20,15280020,cem_tuned_qplite,qplite,logs/qp_event_allocator_m1_eta0p496_seededsupervisor_production120_m1_eta0p496_seed15280020.csv,4221,0.7257443070411682,-0.0036663466598838568,13.330723524093628,True,0.3403649926185608,0.009635007381439187,0.018444118121508778,0.1347111165523529,0.020956551693710444,0.3164607549544281,True,True,True,True,True
79,2,17,25280017,pinv_bounded_wls,pinv,logs/qp_event_allocator_m2_eta0p496_seededsupervisor_production120_m2_eta0p496_seed25280017.csv,4206,0.7158523797988892,-0.003744224552065134,15.224583148956299,True,0.3337252140045166,0.016274785995483376,0.007643964608395955,0.03843104839324951,0.07823388666339653,0.051222663636454425,True,True,True,True,True
80,2,18,25280018,pinv_bounded_wls,pinv,logs/qp_event_allocator_m2_eta0p496_seededsupervisor_production120_m2_eta0p496_seed25280018.csv,4158,0.7187188863754272,-0.004218098241835833,14.889513969421387,True,0.3373957574367523,0.012604242563247658,0.008036580411899665,0.03756757080554962,0.07350353904830373,0.037025227333712905,True,True,True,True,True
81,2,19,25280019,pinv_bounded_wls,pinv,logs/qp_event_allocator_m2_eta0p496_seededsupervisor_production120_m2_eta0p496_seed25280019.csv,4179,0.7255191802978516,-0.004056473262608051,15.176820993423462,True,0.3335135877132416,0.0164864122867584,0.007930776606452722,0.027792515233159065,0.07585286049912239,0.04006350035239099,True,True,True,True,True
82,2,20,25280020,pinv_bounded_wls,pinv,logs/qp_event_allocator_m2_eta0p496_seededsupervisor_production120_m2_eta0p496_seed25280020.csv,4163,0.7235575914382935,-0.004095694050192833,14.983007192611694,True,0.3346535563468933,0.015346443653106667,0.0077913074121369824,0.027782941237092018,0.07982065085464508,0.025019301779022653,True,True,True,True,True
83,1,21,15280021,cem_tuned_qplite,qplite,logs/qp_event_allocator_m1_eta0p496_seededsupervisor_production120_m1_eta0p496_seed15280021.csv,4176,0.7190534472465515,-0.0040344432927668095,13.044068574905396,True,0.33295270800590515,0.017047291994094826,0.017389533291086275,0.13050583004951477,0.021870275040762933,0.26199606292854255,True,True,True,True,True
84,3,22,35280022,cem_tuned_qplite,qplite,logs/qp_event_allocator_m3_eta0p496_seededsupervisor_production120_m3_eta0p496_seed35280022.csv,4182,0.72324138879776,-0.004131294321268797,13.165528059005737,True,0.3186620771884918,0.031337922811508157,0.025176514850472252,0.19793759286403656,0.018461144253070036,0.36042966173496466,True,True,True,True,True
85,1,22,15280022,cem_tuned_qplite,qplite,logs/qp_event_allocator_m1_eta0p496_seededsupervisor_production120_m1_eta0p496_seed15280022.csv,4209,0.7200212478637695,-0.0036262122448533773,13.226019859313965,True,0.339496374130249,0.010503625869750954,0.01924021667265994,0.14181983470916748,0.022105661882135957,0.29546352342715426,True,True,True,True,True
86,4,22,45280022,cem_tuned_qplite,qplite,logs/qp_event_allocator_m4_eta0p496_seededsupervisor_production120_m4_eta0p496_seed45280022.csv,4206,0.7197290658950806,-0.0038419135380536318,13.72548532485962,True,0.3396552801132202,0.010344719886779763,0.019837678662410825,0.06742920726537704,0.018518660816013836,0.2804388723322878,True,True,True,True,True
87,3,23,35280023,cem_tuned_qplite,qplite,logs/qp_event_allocator_m3_eta0p496_seededsupervisor_production120_m3_eta0p496_seed35280023.csv,4227,0.6926926374435425,-0.003660551505163312,13.404219388961792,True,0.30312493443489075,0.04687506556510923,0.025959089076372052,0.2464897483587265,0.021146565723143853,0.35534780129136756,True,True,True,True,True
88,4,23,45280023,cem_tuned_qplite,qplite,logs/qp_event_allocator_m4_eta0p496_seededsupervisor_production120_m4_eta0p496_seed45280023.csv,4230,0.7022624015808105,-0.0036374530754983425,13.8667893409729,True,0.3274790942668915,0.0225209057331085,0.01912756102732133,0.06964866071939468,0.018512599247063395,0.3122001817247576,True,True,True,True,True
89,1,23,15280023,cem_tuned_qplite,qplite,logs/qp_event_allocator_m1_eta0p496_seededsupervisor_production120_m1_eta0p496_seed15280023.csv,4176,0.7047155499458313,-0.003888540668413043,13.033844709396362,True,0.31969115138053894,0.030308848619461037,0.020865338110672205,0.20543605089187622,0.021188552559879954,0.287856092997876,True,True,True,True,True
90,3,24,35280024,cem_tuned_qplite,qplite,logs/qp_event_allocator_m3_eta0p496_seededsupervisor_production120_m3_eta0p496_seed35280024.csv,4203,0.6949083805084229,-0.0036767327692359686,13.109724760055542,True,0.32175958156585693,0.028240418434143044,0.025620859840908092,0.16187068819999695,0.02100057605419498,0.30310564863429595,True,True,True,True,True
91,2,21,25280021,pinv_bounded_wls,pinv,logs/qp_event_allocator_m2_eta0p496_seededsupervisor_production120_m2_eta0p496_seed25280021.csv,4200,0.7005390524864197,-0.0037667276337742805,15.207732915878296,True,0.32563063502311707,0.024369364976882912,0.008084379365662524,0.030493538826704025,0.07884358221564321,0.03040666036624528,True,True,True,True,True
92,2,22,25280022,pinv_bounded_wls,pinv,logs/qp_event_allocator_m2_eta0p496_seededsupervisor_production120_m2_eta0p496_seed25280022.csv,4161,0.7029270529747009,-0.004172525368630886,14.933662414550781,True,0.32470703125,0.025292968749999978,0.007985393862868327,0.026698917150497437,0.07456848555508346,0.013277935930036969,True,True,True,True,True
93,4,24,45280024,cem_tuned_qplite,qplite,logs/qp_event_allocator_m4_eta0p496_seededsupervisor_production120_m4_eta0p496_seed45280024.csv,4179,0.7279795408248901,-0.0040062302723526955,13.446393489837646,False,0.3536839783191681,-0.003683978319168113,0.019889223199113407,0.024311702698469162,0.020709814247187753,0.32487626633831873,False,True,True,True,True
94,1,24,15280024,cem_tuned_qplite,qplite,logs/qp_event_allocator_m1_eta0p496_seededsupervisor_production120_m1_eta0p496_seed15280024.csv,4206,0.7051070928573608,-0.0037494702264666557,13.185971975326538,True,0.32947787642478943,0.02052212357521055,0.021412576589756715,0.19332534074783325,0.02326231936418998,0.31301907446059124,True,True,True,True,True
95,3,25,35280025,cem_tuned_qplite,qplite,logs/qp_event_allocator_m3_eta0p496_seededsupervisor_production120_m3_eta0p496_seed35280025.csv,4194,0.7025740146636963,-0.0035598454996943474,13.008648872375488,True,0.33567801117897034,0.014321988821029641,0.024548508603521726,0.10643260926008224,0.023577736394255287,0.3063038251522941,True,True,True,True,True
96,2,23,25280023,pinv_bounded_wls,pinv,logs/qp_event_allocator_m2_eta0p496_seededsupervisor_production120_m2_eta0p496_seed25280023.csv,4227,0.7292218804359436,-0.003693033242598176,15.508302450180054,True,0.3267711400985718,0.0232288599014282,0.007155210290728915,0.020326679572463036,0.07457608369404224,0.020785163632449893,True,True,True,True,True
97,3,26,35280026,cem_tuned_qplite,qplite,logs/qp_event_allocator_m3_eta0p496_seededsupervisor_production120_m3_eta0p496_seed35280026.csv,4212,0.7126481533050537,-0.00354127399623394,13.245320320129395,True,0.3285621404647827,0.021437859535217263,0.02560174377703407,0.19602446258068085,0.022979403829435616,0.30863669732970217,True,True,True,True,True
98,4,25,45280025,cem_tuned_qplite,qplite,logs/qp_event_allocator_m4_eta0p496_seededsupervisor_production120_m4_eta0p496_seed45280025.csv,4206,0.7044293880462646,-0.003740350715816021,13.646590948104858,True,0.33601444959640503,0.013985550403594948,0.01974081473185226,0.037461698055267334,0.01964627939321447,0.3077160743292697,True,True,True,True,True
99,1,25,15280025,cem_tuned_qplite,qplite,logs/qp_event_allocator_m1_eta0p496_seededsupervisor_production120_m1_eta0p496_seed15280025.csv,4227,0.7143266201019287,-0.0037800397258251905,13.54328203201294,True,0.3131161630153656,0.03688383698463438,0.02270441810282149,0.22040079534053802,0.021569958168838946,0.31327378845734055,True,True,True,True,True
100,2,24,25280024,pinv_bounded_wls,pinv,logs/qp_event_allocator_m2_eta0p496_seededsupervisor_production120_m2_eta0p496_seed25280024.csv,4206,0.7075226902961731,-0.003620876232162118,15.265241622924805,True,0.32361263036727905,0.026387369632720925,0.00801917813439008,0.01702875643968582,0.07622844604894342,0.014411209275308666,True,True,True,True,True
101,2,25,25280025,pinv_bounded_wls,pinv,logs/qp_event_allocator_m2_eta0p496_seededsupervisor_production120_m2_eta0p496_seed25280025.csv,4212,0.7033067941665649,-0.003565278835594654,15.325600862503052,True,0.32832154631614685,0.021678453683853127,0.007875149801607539,0.02313004434108734,0.09330618613456501,0.0364145456861074,True,True,True,True,True
102,4,26,45280026,cem_tuned_qplite,qplite,logs/qp_event_allocator_m4_eta0p496_seededsupervisor_production120_m4_eta0p496_seed45280026.csv,4218,0.7168313264846802,-0.003781072562560439,13.78562307357788,True,0.333992600440979,0.016007399559020974,0.020937755910211044,0.11352310329675674,0.018512212273233446,0.3530616530501903,True,True,True,True,True
103,4,27,45280027,cem_tuned_qplite,qplite,logs/qp_event_allocator_m4_eta0p496_seededsupervisor_production120_m4_eta0p496_seed45280027.csv,4182,0.7096652388572693,-0.004134101327508688,13.549146175384521,True,0.33368173241615295,0.016318267583847024,0.02062341053165777,0.09434647858142853,0.019547050749933195,0.3468927904171605,True,True,True,True,True
104,3,27,35280027,cem_tuned_qplite,qplite,logs/qp_event_allocator_m3_eta0p496_seededsupervisor_production120_m3_eta0p496_seed35280027.csv,4164,0.6980360746383667,-0.0036552813835442066,12.905820369720459,True,0.31574317812919617,0.03425682187080381,0.023811040133979132,0.18340127170085907,0.022068637960831652,0.32094615098245927,True,True,True,True,True
105,1,26,15280026,cem_tuned_qplite,qplite,logs/qp_event_allocator_m1_eta0p496_seededsupervisor_production120_m1_eta0p496_seed15280026.csv,4206,0.7016896605491638,-0.003946233075112104,13.164957046508789,True,0.32861047983169556,0.02138952016830442,0.02013689449071116,0.17406778037548065,0.022063081382678453,0.31242537478798366,True,True,True,True,True
106,1,27,15280027,cem_tuned_qplite,qplite,logs/qp_event_allocator_m1_eta0p496_seededsupervisor_production120_m1_eta0p496_seed15280027.csv,4200,0.7312435507774353,-0.0037780795246362686,13.21426010131836,True,0.3398536443710327,0.010146355628967263,0.021230254289248098,0.18395690619945526,0.021601853084444688,0.314479480005852,True,True,True,True,True
107,2,26,25280026,pinv_bounded_wls,pinv,logs/qp_event_allocator_m2_eta0p496_seededsupervisor_production120_m2_eta0p496_seed25280026.csv,4197,0.7149224281311035,-0.003689252771437168,16.035741567611694,True,0.3215579390525818,0.02844206094741819,0.007640719732958442,0.05132469907402992,0.06923786872609322,0.04478461692579803,True,True,True,True,True
108,3,28,35280028,cem_tuned_qplite,qplite,logs/qp_event_allocator_m3_eta0p496_seededsupervisor_production120_m3_eta0p496_seed35280028.csv,4194,0.70128333568573,-0.00368166109547019,13.10799789428711,True,0.32842785120010376,0.021572148799896218,0.025353498024470723,0.17031806707382202,0.022946490091349702,0.32294334584950085,True,True,True,True,True
109,4,28,45280028,cem_tuned_qplite,qplite,logs/qp_event_allocator_m4_eta0p496_seededsupervisor_production120_m4_eta0p496_seed45280028.csv,4152,0.70294588804245,-0.0037480832543224096,14.516192197799683,False,0.39882373809814453,-0.04882373809814455,0.023164489217770406,0.45101913809776306,0.015173944682639788,0.2527102504825207,False,True,True,True,True
110,1,28,15280028,cem_tuned_qplite,qplite,logs/qp_event_allocator_m1_eta0p496_seededsupervisor_production120_m1_eta0p496_seed15280028.csv,4209,0.722514271736145,-0.003858952783048153,13.286976337432861,True,0.33087942004203796,0.019120579957962014,0.01932506071273721,0.16439928114414215,0.02188219509218772,0.2845375185257473,True,True,True,True,True
111,2,27,25280027,pinv_bounded_wls,pinv,logs/qp_event_allocator_m2_eta0p496_seededsupervisor_production120_m2_eta0p496_seed25280027.csv,4185,0.7205643653869629,-0.0039662523195147514,15.16609263420105,True,0.3309396803379059,0.019060319662094094,0.007662396666653275,0.027362173423171043,0.07822484719475922,0.04364351427311832,True,True,True,True,True
112,4,29,45280029,cem_tuned_qplite,qplite,logs/qp_event_allocator_m4_eta0p496_seededsupervisor_production120_m4_eta0p496_seed45280029.csv,4167,0.7217623591423035,-0.004140912555158138,13.50415587425232,True,0.3396448493003845,0.010355150699615456,0.02051667974338485,0.1194748803973198,0.01836427225712192,0.34318630025830943,True,True,True,True,True
113,1,29,15280029,cem_tuned_qplite,qplite,logs/qp_event_allocator_m1_eta0p496_seededsupervisor_production120_m1_eta0p496_seed15280029.csv,4155,0.7307106256484985,-0.004326484631747007,12.925006866455078,True,0.3427028954029083,0.007297104597091653,0.018952100727841436,0.14426127076148987,0.021882578090492905,0.30222974093999977,True,True,True,True,True
114,2,28,25280028,pinv_bounded_wls,pinv,logs/qp_event_allocator_m2_eta0p496_seededsupervisor_production120_m2_eta0p496_seed25280028.csv,4203,0.6982657313346863,-0.0035922552924603224,15.185688734054565,True,0.328520804643631,0.021479195356368996,0.008088679640558078,0.03225364163517952,0.07776734817519551,0.03766751519139495,True,True,True,True,True
115,2,29,25280029,pinv_bounded_wls,pinv,logs/qp_event_allocator_m2_eta0p496_seededsupervisor_production120_m2_eta0p496_seed25280029.csv,4197,0.7264578342437744,-0.00407693674787879,15.29102873802185,True,0.32995545864105225,0.02004454135894773,0.007640676244091492,0.021576499566435814,0.07693670657986436,0.03172554471152564,True,True,True,True,True
116,3,29,35280029,cem_tuned_qplite,qplite,logs/qp_event_allocator_m3_eta0p496_seededsupervisor_production120_m3_eta0p496_seed35280029.csv,4170,0.7124139666557312,-0.003981214482337236,13.025695323944092,True,0.3176094889640808,0.03239051103591917,0.024421619951302993,0.20178084075450897,0.020902277320131578,0.3367852975761959,True,True,True,True,True
117,1,30,15280030,cem_tuned_qplite,qplite,logs/qp_event_allocator_m1_eta0p496_seededsupervisor_production120_m1_eta0p496_seed15280030.csv,4203,0.7314644455909729,-0.0039710309356451035,13.252800226211548,True,0.342479407787323,0.00752059221267698,0.019994203544534118,0.17076341807842255,0.022209094842361738,0.31729733213062306,True,True,True,True,True
118,3,30,35280030,cem_tuned_qplite,qplite,logs/qp_event_allocator_m3_eta0p496_seededsupervisor_production120_m3_eta0p496_seed35280030.csv,4212,0.717544436454773,-0.003970874939113855,13.143031358718872,True,0.34250372648239136,0.00749627351760862,0.023338031764962776,0.1147904247045517,0.023089424325079665,0.31213213962080827,True,True,True,True,True
119,4,30,45280030,cem_tuned_qplite,qplite,logs/qp_event_allocator_m4_eta0p496_seededsupervisor_production120_m4_eta0p496_seed45280030.csv,4158,0.7261760234832764,-0.004194070119410753,13.404220342636108,True,0.34115633368492126,0.008843666315078713,0.01964048325374627,0.08221017569303513,0.018514315508324265,0.33582632668728446,True,True,True,True,True
120,2,30,25280030,pinv_bounded_wls,pinv,logs/qp_event_allocator_m2_eta0p496_seededsupervisor_production120_m2_eta0p496_seed25280030.csv,4215,0.7287302613258362,-0.00363382906652987,15.44524097442627,True,0.32720518112182617,0.022794818878173806,0.007840602720689394,0.01303012389689684,0.07767112425450878,0.016190597051553443,True,True,True,True,True
