host_time_s,firmware_timestamp_ms,phase,pinvAlloc.nom1,pinvAlloc.nom2,pinvAlloc.nom3,pinvAlloc.nom4,pinvAlloc.alloc1,pinvAlloc.alloc2,pinvAlloc.alloc3,pinvAlloc.alloc4,pinvAlloc.active
2.6049626520252787,10345,settle,42865,42865,42865,42865,42865,42865,42865,42865,0
2.6251671980135143,10365,settle,42980,42980,42980,42980,42980,42980,42980,42980,0
2.64512090102653,10385,settle,42980,42980,42980,42980,42980,42980,42980,42980,0
2.665959178004414,10406,settle,41269,41269,41269,41269,41269,41269,41269,41269,0
2.6859909300110303,10426,settle,40544,40544,40544,40544,40544,40544,40544,40544,0
2.7060075730259996,10446,settle,39056,39056,39056,39056,39056,39056,39056,39056,0
2.7259470270073507,10466,settle,37586,37586,37586,37586,37586,37586,37586,37586,0
2.74641977599822,10486,settle,36191,36191,36191,36191,36191,36191,36191,36191,0
2.7666209940216504,10506,settle,34956,34956,34956,34956,34956,34956,34956,34956,0
2.7865394340187777,10526,settle,33883,33883,33883,33883,33883,33883,33883,33883,0
2.806565685023088,10546,settle,32993,32993,32993,32993,32993,32993,32993,32993,0
2.8249331730185077,10565,settle,32253,32253,32253,32253,32253,32253,32253,32253,0
2.8450953749998007,10585,settle,31648,31648,31648,31648,31648,31648,31648,31648,0
2.864930956013268,10605,settle,31211,31211,31211,31211,31211,31211,31211,31211,0
2.8849602440022863,10625,settle,30895,30895,30895,30895,30895,30895,30895,30895,0
2.905860783008393,10646,settle,30677,30677,30677,30677,30677,30677,30677,30677,0
2.9259403710020706,10666,settle,30574,30574,30574,30574,30574,30574,30574,30574,0
2.9473126560042147,10687,settle,30457,30457,30457,30457,30457,30457,30457,30457,0
2.9662932260253,10706,settle,30415,30415,30415,30415,30415,30415,30415,30415,0
2.986033530003624,10726,settle,30425,30425,30425,30425,30425,30425,30425,30425,0
3.0059562570240814,10746,settle,30450,30450,30450,30450,30450,30450,30450,30450,0
3.0259248549991753,10766,settle,30509,30509,30509,30509,30509,30509,30509,30509,0
3.0449847190175205,10785,settle,30579,30579,30579,30579,30579,30579,30579,30579,0
3.0654221120057628,10805,settle,30688,30688,30688,30688,30688,30688,30688,30688,0
3.087132193002617,10827,settle,30769,30769,30769,30769,30769,30769,30769,30769,0
3.105483388004359,10845,settle,30776,30776,30776,30776,30776,30776,30776,30776,0
3.1254390300018713,10865,settle,30828,30828,30828,30828,30828,30828,30828,30828,0
3.145484363019932,10885,settle,30926,30926,30926,30926,30926,30926,30926,30926,0
3.164952388004167,10905,settle,31018,31018,31018,31018,31018,31018,31018,31018,0
3.185112775012385,10925,settle,31100,31100,31100,31100,31100,31100,31100,31100,0
3.2050373740203213,10945,settle,31170,31170,31170,31170,31170,31170,31170,31170,0
3.2249772250070237,10965,settle,31258,31258,31258,31258,31258,31258,31258,31258,0
3.244979612005409,10985,settle,31307,31307,31307,31307,31307,31307,31307,31307,0
3.266056437016232,11006,settle,31357,31357,31357,31357,31357,31357,31357,31357,0
3.2866813690052368,11026,settle,31402,31402,31402,31402,31402,31402,31402,31402,0
3.305897553014802,11046,settle,31441,31441,31441,31441,31441,31441,31441,31441,0
3.326102097023977,11066,settle,31432,31432,31432,31432,31432,31432,31432,31432,0
3.3464265369984787,11086,settle,31468,31468,31468,31468,31468,31468,31468,31468,0
3.3649035030102823,11105,settle,31513,31513,31513,31513,31513,31513,31513,31513,0
3.3849827100057155,11125,settle,31558,31558,31558,31558,31558,31558,31558,31558,0
3.404891046026023,11145,settle,31604,31604,31604,31604,31604,31604,31604,31604,0
3.424943110003369,11165,settle,31654,31654,31654,31654,31654,31654,31654,31654,0
3.444870574021479,11185,settle,31697,31697,31697,31697,31697,31697,31697,31697,0
3.46551518200431,11205,settle,31740,31740,31740,31740,31740,31740,31740,31740,0
3.4854360110184643,11225,settle,31802,31802,31802,31802,31802,31802,31802,31802,0
3.505493771022884,11245,settle,31847,31847,31847,31847,31847,31847,31847,31847,0
3.5255126870179083,11265,settle,31888,31888,31888,31888,31888,31888,31888,31888,0
3.5454252190247644,11285,settle,31929,31929,31929,31929,31929,31929,31929,31929,0
3.56548465002561,11305,settle,31921,31921,31921,31921,31921,31921,31921,31921,0
3.5855363750015385,11325,settle,31962,31962,31962,31962,31962,31962,31962,31962,0
3.605414534016745,11345,takeoff,32010,32010,32010,32010,32010,32010,32010,32010,0
3.6255270420224406,11365,takeoff,32240,32240,32240,32240,32240,32240,32240,32240,0
3.644925972999772,11385,takeoff,32473,32473,32473,32473,32473,32473,32473,32473,0
3.665494041022612,11405,takeoff,32693,32693,32693,32693,32693,32693,32693,32693,0
3.684996449010214,11425,takeoff,32885,32885,32885,32885,32885,32885,32885,32885,0
3.7055957630218472,11445,takeoff,32863,32863,32863,32863,32863,32863,32863,32863,0
3.7250320040038787,11465,takeoff,33153,33153,33153,33153,33153,33153,33153,33153,0
3.745969845011132,11486,takeoff,33258,33258,33258,33258,33258,33258,33258,33258,0
3.7659329780144617,11506,takeoff,33346,33346,33346,33346,33346,33346,33346,33346,0
3.784967570012668,11525,takeoff,33456,33456,33456,33456,33456,33456,33456,33456,0
3.805232901009731,11545,takeoff,33518,33518,33518,33518,33518,33518,33518,33518,0
3.825132142024813,11565,takeoff,33565,33565,33565,33565,33565,33565,33565,33565,0
3.845032589015318,11585,takeoff,33593,33593,33593,33593,33593,33593,33593,33593,0
3.865038332005497,11605,takeoff,33609,33609,33609,33609,33609,33609,33609,33609,0
3.884962470998289,11625,takeoff,33431,33431,33431,33431,33431,33431,33431,33431,0
3.9050173940195236,11645,takeoff,33429,33429,33429,33429,33429,33429,33429,33429,0
3.924980622017756,11665,takeoff,33428,33428,33428,33428,33428,33428,33428,33428,0
3.9450223070161883,11685,takeoff,33431,33431,33431,33431,33431,33431,33431,33431,0
3.966079908015672,11706,takeoff,33510,33510,33510,33510,33510,33510,33510,33510,0
3.985829224024201,11726,takeoff,33594,33594,33594,33594,33594,33594,33594,33594,0
4.0059718240227085,11746,takeoff,33600,33600,33600,33600,33600,33600,33600,33600,0
4.026051247026771,11766,takeoff,33600,33600,33600,33600,33600,33600,33600,33600,0
4.046579195011873,11786,takeoff,33585,33585,33585,33585,33585,33585,33585,33585,0
4.066595374024473,11806,takeoff,33561,33561,33561,33561,33561,33561,33561,33561,0
4.086450666014571,11826,takeoff,33358,33358,33358,33358,33358,33358,33358,33358,0
4.106025131011847,11846,takeoff,33337,33337,33337,33337,33337,33337,33337,33337,0
4.125881442014361,11866,takeoff,33312,33312,33312,33312,33312,33312,33312,33312,0
4.146589173004031,11886,takeoff,33290,33290,33290,33290,33290,33290,33290,33290,0
4.166538473014953,11906,takeoff,33280,33280,33280,33280,33280,33280,33280,33280,0
4.186459841002943,11926,takeoff,33269,33269,33269,33269,33269,33269,33269,33269,0
4.206540309009142,11946,takeoff,33341,33341,33341,33341,33341,33341,33341,33341,0
4.226491368026473,11966,takeoff,33423,33423,33423,33423,33423,33423,33423,33423,0
4.245124034001492,11985,takeoff,33408,33408,33408,33408,33408,33408,33408,33408,0
4.265898153011221,12006,takeoff,33184,33184,33184,33184,33184,33184,33184,33184,0
4.285874111024896,12026,takeoff,33153,33153,33153,33153,33153,33153,33153,33153,0
4.306386782001937,12046,takeoff,33136,33136,33136,33136,33136,33136,33136,33136,0
4.325888605002547,12066,takeoff,33113,33113,33113,33113,33113,33113,33113,33113,0
4.345993025024654,12086,takeoff,33093,33093,33093,33093,33093,33093,33093,33093,0
4.365935976005858,12106,takeoff,33088,33088,33088,33088,33088,33088,33088,33088,0
4.385901144007221,12126,takeoff,33081,33081,33081,33081,33081,33081,33081,33081,0
4.40482243700535,12145,takeoff,33064,33064,33064,33064,33064,33064,33064,33064,0
4.426070115005132,12166,takeoff,33130,33130,33130,33130,33130,33130,33130,33130,0
4.4459512530011125,12186,takeoff,33130,33130,33130,33130,33130,33130,33130,33130,0
4.465817488002358,12206,takeoff,33019,33019,33019,33019,33019,33019,33019,33019,0
4.485922354011564,12226,takeoff,32985,32985,32985,32985,32985,32985,32985,32985,0
4.505893827998079,12246,takeoff,32970,32970,32970,32970,32970,32970,32970,32970,0
4.528063634003047,12268,takeoff,32962,32962,32962,32962,32962,32962,32962,32962,0
4.545947634003824,12286,takeoff,32953,32953,32953,32953,32953,32953,32953,32953,0
4.565962938009761,12306,takeoff,32943,32943,32943,32943,32943,32943,32943,32943,0
4.585919331002515,12326,takeoff,32932,32932,32932,32932,32932,32932,32932,32932,0
4.605986415001098,12346,takeoff,32919,32919,32919,32919,32919,32919,32919,32919,0
4.626039165013935,12366,takeoff,32902,32902,32902,32902,32902,32902,32902,32902,0
4.6462084670201875,12386,takeoff,32888,32888,32888,32888,32888,32888,32888,32888,0
4.66651289400761,12406,takeoff,32975,32975,32975,32975,32975,32975,32975,32975,0
4.686219711002195,12426,takeoff,32960,32960,32960,32960,32960,32960,32960,32960,0
4.705966987006832,12446,takeoff,32841,32841,32841,32841,32841,32841,32841,32841,0
4.726625691022491,12466,takeoff,32834,32834,32834,32834,32834,32834,32834,32834,0
4.746605176012963,12486,takeoff,32824,32824,32824,32824,32824,32824,32824,32824,0
4.766540379001526,12506,takeoff,32817,32817,32817,32817,32817,32817,32817,32817,0
4.786442778015044,12526,takeoff,32809,32809,32809,32809,32809,32809,32809,32809,0
4.806307618011488,12546,takeoff,32801,32801,32801,32801,32801,32801,32801,32801,0
4.825928903999738,12566,takeoff,32790,32790,32790,32790,32790,32790,32790,32790,0
4.845980463025626,12586,takeoff,32784,32784,32784,32784,32784,32784,32784,32784,0
4.8659566810238175,12606,takeoff,32780,32780,32780,32780,32780,32780,32780,32780,0
4.8859871920139994,12626,takeoff,32774,32774,32774,32774,32774,32774,32774,32774,0
4.905946209008107,12646,takeoff,32865,32865,32865,32865,32865,32865,32865,32865,0
4.926052779017482,12666,takeoff,32876,32876,32876,32876,32876,32876,32876,32876,0
4.9459336810105015,12686,takeoff,32878,32878,32878,32878,32878,32878,32878,32878,0
4.966157002025284,12706,takeoff,32894,32894,32894,32894,32894,32894,32894,32894,0
4.985885490023065,12726,takeoff,32827,32827,32827,32827,32827,32827,32827,32827,0
5.0059037640166935,12746,takeoff,32843,32843,32843,32843,32843,32843,32843,32843,0
5.026103877025889,12766,takeoff,32818,32818,32818,32818,32818,32818,32818,32818,0
5.046006899006898,12786,takeoff,32805,32805,32805,32805,32805,32805,32805,32805,0
5.066215737024322,12806,takeoff,32791,32791,32791,32791,32791,32791,32791,32791,0
5.08606082201004,12826,takeoff,32775,32775,32775,32775,32775,32775,32775,32775,0
5.106057004013564,12846,takeoff,32786,32786,32786,32786,32786,32786,32786,32786,0
5.126044629025273,12866,takeoff,32897,32897,32897,32897,32897,32897,32897,32897,0
5.14620494900737,12886,takeoff,32906,32906,32906,32906,32906,32906,32906,32906,0
5.166016416013008,12906,takeoff,32905,32905,32905,32905,32905,32905,32905,32905,0
5.18500346201472,12925,takeoff,32879,32879,32879,32879,32879,32879,32879,32879,0
5.20595276899985,12946,takeoff,32840,32840,32840,32840,32840,32840,32840,32840,0
5.226193160022376,12966,takeoff,32826,32826,32826,32826,32826,32826,32826,32826,0
5.246017515019048,12986,takeoff,32725,32725,32725,32725,32725,32725,32725,32725,0
5.266024670010665,13006,takeoff,32718,32718,32718,32718,32718,32718,32718,32718,0
5.285873521002941,13026,takeoff,32717,32717,32717,32717,32717,32717,32717,32717,0
5.305918711004779,13046,takeoff,32745,32745,32745,32745,32745,32745,32745,32745,0
5.325991111021722,13066,takeoff,32847,32847,32847,32847,32847,32847,32847,32847,0
5.3459205880062655,13086,takeoff,32871,32871,32871,32871,32871,32871,32871,32871,0
5.366406713001197,13106,takeoff,32858,32858,32858,32858,32858,32858,32858,32858,0
5.385952021024423,13126,takeoff,32847,32847,32847,32847,32847,32847,32847,32847,0
5.405979061004473,13146,takeoff,32844,32844,32844,32844,32844,32844,32844,32844,0
5.426170839025872,13166,takeoff,32835,32835,32835,32835,32835,32835,32835,32835,0
5.446816879004473,13186,takeoff,32830,32830,32830,32830,32830,32830,32830,32830,0
5.466122267011087,13206,takeoff,32824,32824,32824,32824,32824,32824,32824,32824,0
5.486004071019124,13226,takeoff,32654,32654,32654,32654,32654,32654,32654,32654,0
5.505936990026385,13246,takeoff,32751,32751,32751,32751,32751,32751,32751,32751,0
5.525970528018661,13266,takeoff,32837,32837,32837,32837,32837,32837,32837,32837,0
5.546075739024673,13286,takeoff,32860,32860,32860,32860,32860,32860,32860,32860,0
5.565993418014841,13306,takeoff,32884,32884,32884,32884,32884,32884,32884,32884,0
5.58599322399823,13326,takeoff,32897,32897,32897,32897,32897,32897,32897,32897,0
5.605979938001838,13346,takeoff,32900,32900,32900,32900,32900,32900,32900,32900,0
5.626144099020166,13366,takeoff,32895,32895,32895,32895,32895,32895,32895,32895,0
5.646157826005947,13386,takeoff,32889,32889,32889,32889,32889,32889,32889,32889,0
5.665897726023104,13406,takeoff,32691,32691,32691,32691,32691,32691,32691,32691,0
5.685890045017004,13426,takeoff,32673,32673,32673,32673,32673,32673,32673,32673,0
5.705944034998538,13446,takeoff,32662,32662,32662,32662,32662,32662,32662,32662,0
5.726275115011958,13466,takeoff,32657,32657,32657,32657,32657,32657,32657,32657,0
5.74614199300413,13486,takeoff,32741,32741,32741,32741,32741,32741,32741,32741,0
5.765920886013191,13506,takeoff,32740,32740,32740,32740,32740,32740,32740,32740,0
5.785919415007811,13526,takeoff,32829,32829,32829,32829,32829,32829,32829,32829,0
5.805962880025618,13546,takeoff,32830,32830,32830,32830,32830,32830,32830,32830,0
5.82587187201716,13566,takeoff,32825,32825,32825,32825,32825,32825,32825,32825,0
5.845972674025688,13586,takeoff,32637,32637,32637,32637,32637,32637,32637,32637,0
5.865913044020999,13606,takeoff,32624,32624,32624,32624,32624,32624,32624,32624,0
5.885931556025753,13626,takeoff,32618,32618,32618,32618,32618,32618,32618,32618,0
5.905900017009117,13646,takeoff,32622,32622,32622,32622,32622,32622,32622,32622,0
5.925975015008589,13666,takeoff,32627,32627,32627,32627,32627,32627,32627,32627,0
5.945987528015394,13686,takeoff,32650,32650,32650,32650,32650,32650,32650,32650,0
5.966052580013638,13706,takeoff,32654,32654,32654,32654,32654,32654,32654,32654,0
5.985924079024699,13726,takeoff,32697,32697,32697,32697,32697,32697,32697,32697,0
6.005922643002123,13746,takeoff,32816,32816,32816,32816,32816,32816,32816,32816,0
6.026035513001261,13766,takeoff,32826,32826,32826,32826,32826,32826,32826,32826,0
6.046167129010428,13786,takeoff,32751,32751,32751,32751,32751,32751,32751,32751,0
6.066007993009407,13806,takeoff,32762,32762,32762,32762,32762,32762,32762,32762,0
6.086051397025585,13826,takeoff,32767,32767,32767,32767,32767,32767,32767,32767,0
6.10597012101789,13846,pre_fault_hover,32765,32765,32765,32765,32765,32765,32765,32765,0
6.1272279230179265,13867,pre_fault_hover,32664,32664,32664,32664,32664,32664,32664,32664,0
6.145213718002196,13885,pre_fault_hover,32453,32453,32453,32453,32453,32453,32453,32453,0
6.164931894018082,13905,pre_fault_hover,32275,32275,32275,32275,32275,32275,32275,32275,0
6.184920163999777,13925,pre_fault_hover,32115,32115,32115,32115,32115,32115,32115,32115,0
6.204897914023604,13945,pre_fault_hover,31977,31977,31977,31977,31977,31977,31977,31977,0
6.225022908998653,13965,pre_fault_hover,31863,31863,31863,31863,31863,31863,31863,31863,0
6.2449641750135925,13985,pre_fault_hover,31774,31774,31774,31774,31774,31774,31774,31774,0
6.265908271016087,14006,pre_fault_hover,31699,31699,31699,31699,31699,31699,31699,31699,0
6.2859259530087,14026,pre_fault_hover,31657,31657,31657,31657,31657,31657,31657,31657,0
6.305924575019162,14046,pre_fault_hover,31633,31633,31633,31633,31633,31633,31633,31633,0
6.325950208003633,14066,pre_fault_hover,31626,31626,31626,31626,31626,31626,31626,31626,0
6.346098716021515,14086,pre_fault_hover,31627,31627,31627,31627,31627,31627,31627,31627,0
6.364930200012168,14105,pre_fault_hover,31638,31638,31638,31638,31638,31638,31638,31638,0
6.384925393998856,14125,pre_fault_hover,31663,31663,31663,31663,31663,31663,31663,31663,0
6.404959427018184,14145,pre_fault_hover,31692,31692,31692,31692,31692,31692,31692,31692,0
6.424961456999881,14165,pre_fault_hover,31723,31723,31723,31723,31723,31723,31723,31723,0
6.445061533013359,14185,pre_fault_hover,31754,31754,31754,31754,31754,31754,31754,31754,0
6.465169925999362,14205,pre_fault_hover,31783,31783,31783,31783,31783,31783,31783,31783,0
6.4851392499986105,14225,pre_fault_hover,31792,31792,31792,31792,31792,31792,31792,31792,0
6.504996047005989,14245,pre_fault_hover,31825,31825,31825,31825,31825,31825,31825,31825,0
6.525025972019648,14265,pre_fault_hover,31878,31878,31878,31878,31878,31878,31878,31878,0
6.545144297007937,14285,pre_fault_hover,31916,31916,31916,31916,31916,31916,31916,31916,0
6.565060786000686,14305,pre_fault_hover,31951,31951,31951,31951,31951,31951,31951,31951,0
6.585051703004865,14325,pre_fault_hover,31985,31985,31985,31985,31985,31985,31985,31985,0
6.604877000005217,14345,pre_fault_hover,32018,32018,32018,32018,32018,32018,32018,32018,0
6.625227680022363,14365,pre_fault_hover,32049,32049,32049,32049,32049,32049,32049,32049,0
6.6454657209978905,14385,pre_fault_hover,32080,32080,32080,32080,32080,32080,32080,32080,0
6.664964335010154,14405,pre_fault_hover,32110,32110,32110,32110,32110,32110,32110,32110,0
6.68492165801581,14425,pre_fault_hover,32139,32139,32139,32139,32139,32139,32139,32139,0
6.7048565260192845,14445,pre_fault_hover,32167,32167,32167,32167,32167,32167,32167,32167,0
6.725171447003959,14465,pre_fault_hover,32171,32171,32171,32171,32171,32171,32171,32171,0
6.745086367009208,14485,pre_fault_hover,32202,32202,32202,32202,32202,32202,32202,32202,0
6.764943636022508,14505,pre_fault_hover,32235,32235,32235,32235,32235,32235,32235,32235,0
6.7849097620055545,14525,pre_fault_hover,32270,32270,32270,32270,32270,32270,32270,32270,0
6.8048802980047185,14545,pre_fault_hover,32316,32316,32316,32316,32316,32316,32316,32316,0
6.825965490017552,14566,pre_fault_hover,32344,32344,32344,32344,32344,32344,32344,32344,0
6.846121159003815,14586,pre_fault_hover,32371,32371,32371,32371,32371,32371,32371,32371,0
6.865956082998309,14606,pre_fault_hover,32388,32388,32388,32388,32388,32388,32388,32388,0
6.8859491780167446,14626,pre_fault_hover,32403,32403,32403,32403,32403,32403,32403,32403,0
6.905823881010292,14646,pre_fault_hover,32420,32420,32420,32420,32420,32420,32420,32420,0
6.926126336999005,14666,pre_fault_hover,32438,32438,32438,32438,32438,32438,32438,32438,0
6.9461248090083245,14686,pre_fault_hover,32454,32454,32454,32454,32454,32454,32454,32454,0
6.965998940024292,14706,pre_fault_hover,32455,32455,32455,32455,32455,32455,32455,32455,0
6.986011454020627,14726,pre_fault_hover,32470,32470,32470,32470,32470,32470,32470,32470,0
7.004776333022164,14745,pre_fault_hover,32486,32486,32486,32486,32486,32486,32486,32486,0
7.024993749015266,14765,pre_fault_hover,32504,32504,32504,32504,32504,32504,32504,32504,0
7.0451580680091865,14785,pre_fault_hover,32519,32519,32519,32519,32519,32519,32519,32519,0
7.064953459019307,14805,pre_fault_hover,32542,32542,32542,32542,32542,32542,32542,32542,0
7.084969298011856,14825,pre_fault_hover,32555,32555,32555,32555,32555,32555,32555,32555,0
7.1048947400122415,14845,pre_fault_hover,32568,32568,32568,32568,32568,32568,32568,32568,0
7.126173780998215,14866,pre_fault_hover,32581,32581,32581,32581,32581,32581,32581,32581,0
7.146260174020426,14886,pre_fault_hover,32592,32592,32592,32592,32592,32592,32592,32592,0
7.165947830013465,14906,pre_fault_hover,32591,32591,32591,32591,32591,32591,32591,32591,0
7.18594341102289,14926,pre_fault_hover,32601,32601,32601,32601,32601,32601,32601,32601,0
7.204863981023664,14945,pre_fault_hover,32612,32612,32612,32612,32612,32612,32612,32612,0
7.224905028007925,14965,pre_fault_hover,32624,32624,32624,32624,32624,32624,32624,32624,0
7.2451362120045815,14985,pre_fault_hover,32635,32635,32635,32635,32635,32635,32635,32635,0
7.264972846023738,15005,pre_fault_hover,32646,32646,32646,32646,32646,32646,32646,32646,0
7.284845047019189,15025,pre_fault_hover,32655,32655,32655,32655,32655,32655,32655,32655,0
7.305901537998579,15046,pre_fault_hover,32669,32669,32669,32669,32669,32669,32669,32669,0
7.325945587013848,15066,pre_fault_hover,32676,32676,32676,32676,32676,32676,32676,32676,0
7.346212108997861,15086,pre_fault_hover,32683,32683,32683,32683,32683,32683,32683,32683,0
7.366009204008151,15106,pre_fault_hover,32681,32681,32681,32681,32681,32681,32681,32681,0
7.3858880790066905,15126,pre_fault_hover,32696,32696,32696,32696,32696,32696,32696,32696,0
7.405908820015611,15146,pre_fault_hover,32694,32694,32694,32694,32694,32694,32694,32694,0
7.426018682017457,15166,pre_fault_hover,32700,32700,32700,32700,32700,32700,32700,32700,0
7.446218994999072,15186,pre_fault_hover,32706,32706,32706,32706,32706,32706,32706,32706,0
7.465954398008762,15206,pre_fault_hover,32713,32713,32713,32713,32713,32713,32713,32713,0
7.485933661024319,15226,pre_fault_hover,32718,32718,32718,32718,32718,32718,32718,32718,0
7.5058302270190325,15246,pre_fault_hover,32723,32723,32723,32723,32723,32723,32723,32723,0
7.525927633018,15266,pre_fault_hover,32727,32727,32727,32727,32727,32727,32727,32727,0
7.546167296008207,15286,pre_fault_hover,32731,32731,32731,32731,32731,32731,32731,32731,0
7.564975408022292,15305,pre_fault_hover,32737,32737,32737,32737,32737,32737,32737,32737,0
7.585013568022987,15325,pre_fault_hover,32740,32740,32740,32740,32740,32740,32740,32740,0
7.604960035998374,15345,pre_fault_hover,32736,32736,32736,32736,32736,32736,32736,32736,0
7.624969459022395,15365,fault_enable_transition,32738,32738,32738,32738,32738,32738,32738,32738,0
7.645046290010214,15385,fault_enable_transition,32733,32747,32733,32747,32940,65535,32940,32539,2
7.664973538019694,15405,fault_enable_transition,32718,32792,32688,32762,32963,65535,32933,32516,2
7.684943196014501,15425,fault_active,32664,32834,32664,32798,32945,65535,32945,32516,2
7.704910013999324,15445,fault_active,32618,32886,32614,32850,32944,65535,32940,32523,2
7.724958457023604,15465,fault_active,32583,32931,32551,32915,32947,65535,32915,32550,2
7.745170683017932,15485,fault_active,32515,33009,32511,32957,32946,65535,32942,32525,2
7.764934090024326,15505,fault_active,32444,33066,32468,33038,32924,65535,32948,32557,2
7.784937207004987,15525,fault_active,32398,33156,32390,33088,32955,65535,32947,32530,2
7.805145578022348,15545,fault_active,32327,33239,32321,33161,32955,65535,32949,32532,2
7.824987861007685,15565,fault_active,32259,33321,32251,33233,32958,65535,32950,32533,2
7.844935355999041,15585,fault_active,32190,33412,32170,33304,32967,65535,32947,32526,2
7.865067166014342,15605,fault_active,32101,33501,32087,33391,32954,65535,32940,32537,2
7.884942108008545,15625,fault_active,32019,33597,32005,33475,32954,65535,32940,32539,2
7.905877537006745,15646,fault_active,31923,33701,31915,33573,32947,65535,32939,32548,2
7.926047495013336,15666,fault_active,31835,33817,31817,33667,32959,65535,32941,32542,2
7.946342064999044,15686,fault_active,31755,33915,31711,33775,32963,65535,32919,32566,2
7.966373870003736,15706,fault_active,31654,34050,31616,33856,32977,65535,32939,32532,2
7.9859802720020525,15726,fault_active,31564,34150,31498,33988,32973,65535,32907,32578,2
8.005877673014766,15746,fault_active,31448,34304,31406,34066,32989,65535,32947,32524,2
8.026126189011848,15766,fault_active,31351,34409,31275,34213,32982,65535,32906,32581,2
8.045134662010241,15785,fault_active,31212,34572,31188,34300,32983,65535,32959,32528,2
8.065113631018903,15805,fault_active,31116,34680,31032,34448,32979,65535,32895,32584,2
8.084946577000665,15825,fault_active,30972,34846,30932,34542,32978,65535,32938,32535,2
8.104895107011544,15845,fault_active,30864,34984,30790,34686,32988,65535,32914,32561,2
8.124998173007043,15865,fault_active,30733,35143,30671,34805,32993,65535,32931,32544,2
8.145052421023138,15885,fault_active,30619,35287,30523,34951,33003,65535,32907,32566,2
8.165010743017774,15905,fault_active,30470,35444,30390,35092,32988,65535,32908,32573,2
8.185891030007042,15926,fault_active,30332,35620,30232,35232,33001,65535,32901,32562,2
8.205867509997915,15946,fault_active,30188,35792,30094,35362,33005,65535,32911,32544,2
8.226207889005309,15966,fault_active,30051,35953,29937,35511,33006,65535,32892,32555,2
8.24519720301032,15985,fault_active,29895,36125,29785,35671,32997,65535,32887,32568,2
8.265004106011475,16005,fault_active,29738,36298,29622,35822,32988,65535,32872,32571,2
8.28501659000176,16025,fault_active,29580,36468,29474,35986,32976,65535,32870,32589,2
8.305008813011227,16045,fault_active,29426,36658,29312,36148,32985,65535,32871,32588,2
8.326044345012633,16066,fault_active,29274,36844,29140,36322,32992,65535,32858,32603,2
8.346283352002501,16086,fault_active,29109,37051,28981,36483,33005,65535,32877,32586,2
8.365986051008804,16106,fault_active,28954,37232,28804,36658,33005,65535,32855,32606,2
8.385984803026076,16126,fault_active,28776,37436,28634,36822,33002,65535,32860,32595,2
8.404933597019408,16145,fault_active,28602,37640,28452,37002,33003,65535,32853,32600,2
8.42501804602216,16165,fault_active,26393,39875,26237,39211,32709,65535,32553,32894,2
8.4449306440074,16185,fault_active,28261,38063,28089,37331,33024,65535,32852,32567,2
8.465047607023735,16205,fault_active,25975,40343,25809,39629,32692,65535,32526,32911,2
8.484978197026066,16225,fault_active,27898,38456,27728,37714,32998,65535,32828,32613,2
8.504900048021227,16245,fault_active,27720,38668,27542,37898,33002,65535,32824,32615,2
8.524972565006465,16265,fault_active,25342,41060,25178,40284,32674,65535,32510,32951,2
8.544923293025931,16285,fault_active,27341,39115,27169,38275,33006,65535,32834,32609,2
8.56494410400046,16305,fault_active,24885,41583,24759,40709,32665,65535,32539,32928,2
8.58492602800834,16325,fault_active,26964,39556,26772,38672,33007,65535,32815,32628,2
8.604849690018455,16345,fault_active,26777,39803,26565,38847,33032,65535,32820,32591,2
8.624995711026713,16365,fault_active,24245,42355,24061,41363,32687,65535,32503,32920,2
8.645124699018197,16385,fault_active,24025,42611,23821,41599,32686,65535,32482,32937,2
8.664988430013182,16405,fault_active,26161,40475,25975,39493,32992,65535,32806,32661,2
8.68496210500598,16425,fault_active,23555,43127,23363,42095,32659,65535,32467,32990,2
8.704914986010408,16445,fault_disable_transition,25780,40912,25590,39890,25780,40912,25590,39890,0
8.725079391006147,16465,fault_disable_transition,24711,41279,24517,41645,24711,41279,24517,41645,0
8.744911743007833,16485,fault_disable_transition,27527,38283,27353,38489,27527,38283,27353,38489,0
8.764913677005097,16505,recovery,28411,37307,28245,37137,28411,37307,28245,37137,0
8.784940678015118,16525,recovery,33289,32365,33103,31959,33289,32365,33103,31959,0
8.804833572998177,16545,recovery,30244,35254,30092,34786,30244,35254,30092,34786,0
8.82505125500029,16565,recovery,36918,28420,36760,27958,36918,28420,36760,27958,0
8.845244744006777,16585,recovery,31395,33723,31329,33325,31395,33723,31329,33325,0
8.864939421007875,16605,recovery,31794,33200,31690,32836,31794,33200,31690,32836,0
8.885134975018445,16625,recovery,38507,26369,38427,25977,38507,26369,38427,25977,0
8.904882114002248,16645,recovery,32208,32496,32110,32126,32208,32496,32110,32126,0
8.925065507006366,16665,recovery,38068,26472,38030,26150,38068,26472,38030,26150,0
8.945033908006735,16685,recovery,32353,32099,32299,31785,32353,32099,32299,31785,0
8.964909075002652,16705,recovery,37257,27111,37235,26837,37257,27111,37235,26837,0
8.984928033023607,16725,recovery,36927,27359,36941,27109,36927,27359,36941,27109,0
9.005021535005653,16745,recovery,32487,31777,32507,31549,32487,31777,32507,31549,0
9.025067378999665,16765,recovery,36137,28111,36181,27919,36137,28111,36181,27919,0
9.044992973009357,16785,recovery,32544,31762,32572,31530,32544,31762,32572,31530,0
9.065025501011405,16805,recovery,35431,28905,35473,28703,35431,28905,35473,28703,0
9.087877012003446,16826,recovery,32527,31851,32613,31709,32527,31851,32613,31709,0
9.107838487019762,16846,recovery,34701,29741,34789,29605,34701,29741,34789,29605,0
9.129385268024635,16867,recovery,32575,31941,32673,31815,32575,31941,32673,31815,0
9.148038270999677,16886,recovery,34356,30208,34450,30074,34356,30208,34450,30074,0
9.167974299023626,16906,recovery,32548,32090,32664,31974,32548,32090,32664,31974,0
9.187914712005295,16926,recovery,33662,31062,33768,30952,33662,31062,33768,30952,0
9.207906252006069,16946,recovery,32532,32252,32668,32144,32532,32252,32668,32144,0
9.228012110019336,16966,recovery,32558,32322,32666,32202,32558,32322,32666,32202,0
9.247960686014267,16986,recovery,33140,31794,33276,31686,33140,31794,33276,31686,0
9.267961769015528,17006,recovery,32566,32440,32704,32330,32566,32440,32704,32330,0
9.287948775017867,17026,recovery,32952,32128,33082,32018,32952,32128,33082,32018,0
9.307881585002178,17046,recovery,32601,32539,32743,32433,32601,32539,32743,32433,0
9.32799094801885,17066,recovery,32860,32388,32982,32266,32860,32388,32982,32266,0
9.348104291013442,17086,recovery,32814,32474,32950,32354,32814,32474,32950,32354,0
9.367958020011429,17106,recovery,32678,32668,32762,32520,32678,32668,32762,32520,0
9.3881210120162,17126,recovery,32768,32596,32868,32484,32768,32596,32868,32484,0
9.408152712014271,17146,recovery,32691,32703,32809,32593,32691,32703,32809,32593,0
9.427977515006205,17166,recovery,32724,32714,32806,32628,32724,32714,32806,32628,0
9.44802692902158,17186,recovery,32736,32746,32828,32622,32736,32746,32828,32622,0
9.467883019009605,17206,recovery,32740,32764,32842,32642,32740,32764,32842,32642,0
9.487892744014971,17226,recovery,32744,32786,32830,32672,32744,32786,32830,32672,0
9.506966510001803,17245,recovery,32772,32784,32840,32676,32772,32784,32840,32676,0
9.52700335800182,17265,recovery,32776,32796,32842,32690,32776,32796,32842,32690,0
9.5471687290119,17285,recovery,32775,32807,32841,32701,32775,32807,32841,32701,0
9.566838068014476,17305,recovery,32788,32800,32842,32714,32788,32800,32842,32714,0
9.587843821005663,17326,recovery,32783,32803,32843,32735,32783,32803,32843,32735,0
9.607938493019901,17346,recovery,32795,32811,32829,32725,32795,32811,32829,32725,0
9.628005591017427,17366,recovery,32798,32810,32832,32732,32798,32810,32832,32732,0
9.647950657003094,17386,recovery,32790,32812,32826,32748,32790,32812,32826,32748,0
9.666981301998021,17405,recovery,32800,32816,32816,32748,32800,32816,32816,32748,0
9.686946931004059,17425,recovery,32787,32799,32827,32767,32787,32799,32827,32767,0
9.706871649017558,17445,recovery,32799,32805,32813,32763,32799,32805,32813,32763,0
9.72710685202037,17465,recovery,32806,32804,32804,32766,32806,32804,32804,32766,0
9.746973722008988,17485,recovery,32805,32793,32805,32777,32805,32793,32805,32777,0
9.767002703010803,17505,recovery,32802,32800,32804,32774,32802,32800,32804,32774,0
9.787020874005975,17525,recovery,32808,32796,32798,32778,32808,32796,32798,32778,0
9.80687426700024,17545,recovery,32796,32768,32822,32794,32796,32768,32822,32794,0
9.827086639008485,17565,recovery,32807,32779,32807,32779,32807,32779,32807,32779,0
9.847095883014845,17585,recovery,32813,32789,32801,32769,32813,32789,32801,32769,0
9.866935598023701,17605,recovery,32810,32774,32800,32784,32810,32774,32800,32784,0
9.887964982015546,17626,recovery,32808,32774,32800,32782,32808,32774,32800,32782,0
9.908390727010556,17646,recovery,32802,32774,32792,32792,32802,32774,32792,32792,0
9.927966317016399,17666,recovery,32809,32763,32793,32791,32809,32763,32793,32791,0
9.947959061013535,17686,recovery,32808,32756,32792,32796,32808,32756,32792,32796,0
9.967978403001325,17706,recovery,32796,32754,32800,32798,32796,32754,32800,32798,0
9.987985266023315,17726,recovery,32801,32769,32795,32783,32801,32769,32795,32783,0
10.008001922018593,17746,recovery,32814,32748,32782,32804,32814,32748,32782,32804,0
10.028148431010777,17766,recovery,32799,32761,32797,32795,32799,32761,32797,32795,0
10.04804759300896,17786,recovery,32797,32757,32799,32799,32797,32757,32799,32799,0
10.068005634006113,17806,recovery,32791,32769,32801,32783,32791,32769,32801,32783,0
10.087906892003957,17826,recovery,32809,32741,32793,32793,32809,32741,32793,32793,0
10.107882598007564,17846,recovery,32801,32745,32801,32789,32801,32745,32801,32789,0
10.128104766015895,17866,recovery,32788,32764,32814,32766,32788,32764,32814,32766,0
10.147908452025149,17886,recovery,32803,32743,32779,32799,32803,32743,32779,32799,0
10.168029701017076,17906,recovery,32790,32752,32788,32786,32790,32752,32788,32786,0
10.187904516002163,17926,recovery,32809,32737,32779,32783,32809,32737,32779,32783,0
10.207769669010304,17946,recovery,32783,32733,32801,32779,32783,32733,32801,32779,0
10.227988444006769,17966,recovery,32780,32748,32784,32776,32780,32748,32784,32776,0
10.24810948400409,17986,recovery,32773,32747,32783,32773,32773,32747,32783,32773,0
10.267919822013937,18006,recovery,32784,32746,32784,32754,32784,32746,32784,32754,0
10.28806835602154,18026,descent,32789,32739,32779,32761,32789,32739,32779,32761,0
10.307965359010268,18046,descent,32574,32542,32554,32546,32574,32542,32554,32546,0
10.328044132998912,18066,descent,32343,32327,32351,32327,32343,32327,32351,32327,0
10.348068731022067,18086,descent,32138,32116,32124,32110,32138,32116,32124,32110,0
10.36805304401787,18106,descent,31972,31938,31958,31928,31972,31938,31958,31928,0
10.388052863010671,18126,descent,31831,31789,31805,31783,31831,31789,31805,31783,0
10.407140276016435,18145,descent,31709,31669,31693,31669,31709,31669,31693,31669,0
10.427071343001444,18165,descent,31640,31606,31630,31608,31640,31606,31630,31608,0
10.446902638010215,18185,descent,31515,31625,31503,31617,31515,31625,31503,31617,0
10.466940621001413,18205,descent,31553,31525,31543,31515,31553,31525,31543,31515,0
10.487024388014106,18225,descent,31382,31442,31354,31438,31382,31442,31354,31438,0
10.507011777022853,18245,descent,31373,31415,31323,31425,31373,31415,31323,31425,0
10.52699326100992,18265,descent,31409,31379,31373,31367,31409,31379,31373,31367,0
10.546978014026536,18285,descent,31361,31449,31315,31455,31361,31449,31315,31455,0
10.567249120998895,18305,descent,31435,31405,31419,31413,31435,31405,31419,31413,0
10.587045218009735,18325,descent,31433,31479,31385,31487,31433,31479,31385,31487,0
10.60687865401269,18345,descent,31475,31493,31415,31545,31475,31493,31415,31545,0
10.627063340012683,18365,descent,31565,31509,31507,31511,31565,31509,31507,31511,0
10.64697281899862,18385,descent,31543,31619,31513,31585,31543,31619,31513,31585,0
10.666977205022704,18405,descent,31786,31728,31718,31724,31786,31728,31718,31724,0
10.688225815014448,18426,descent,31781,31845,31719,31827,31781,31845,31719,31827,0
10.70792981001432,18446,descent,31871,31805,31787,31801,31871,31805,31787,31801,0
10.727960087009706,18466,descent,31680,31764,31648,31732,31680,31764,31648,31732,0
10.747956191014964,18486,descent,31771,31713,31707,31713,31771,31713,31707,31713,0
10.768015342007857,18506,descent,31739,31809,31699,31781,31739,31809,31699,31781,0
10.787147226015804,18525,descent,31795,31847,31703,31827,31795,31847,31703,31827,0
10.806958305998705,18545,descent,31895,31831,31821,31833,31895,31831,31821,31833,0
10.826971287024207,18565,descent,31878,31922,31804,31932,31878,31922,31804,31932,0
10.846918196009938,18585,descent,32179,32111,32113,32133,32179,32111,32113,32133,0
10.866832839004928,18605,descent,32133,32205,32131,32215,32133,32205,32131,32215,0
10.886925210012123,18625,descent,32205,32251,32109,32223,32205,32251,32109,32223,0
10.907061747013358,18645,descent,32262,32182,32212,32244,32262,32182,32212,32244,0
10.926966922997963,18665,descent,32147,32187,32071,32191,32147,32187,32071,32191,0
10.946904962009285,18685,descent,32078,32012,32018,32036,32078,32012,32018,32036,0
10.966953423019731,18705,descent,32060,32096,31968,32092,32060,32096,31968,32092,0
10.987967948021833,18726,descent,32121,32089,32085,32073,32121,32089,32085,32073,0
11.00782103301026,18746,descent,32110,32158,32052,32168,32110,32158,32052,32168,0
11.027940542000579,18766,descent,32193,32167,32137,32119,32193,32167,32137,32119,0
11.047957348026102,18786,descent,32384,32434,32332,32446,32384,32434,32332,32446,0
11.06797938499949,18806,descent,32486,32434,32400,32412,32486,32434,32400,32412,0
11.087916280026548,18826,descent,32442,32494,32396,32512,32442,32494,32396,32512,0
11.108099333010614,18846,descent,32457,32509,32413,32529,32457,32509,32413,32529,0
11.127970009023556,18866,descent,32528,32478,32472,32486,32528,32478,32472,32486,0
11.147935875022085,18886,descent,32386,32442,32334,32450,32386,32442,32334,32450,0
11.167839369009016,18906,descent,32322,32276,32272,32282,32322,32276,32272,32282,0
11.186930863012094,18925,descent,32338,32294,32290,32302,32338,32294,32290,32302,0
11.207201989018358,18945,descent,32349,32309,32305,32317,32349,32309,32305,32317,0
11.22716889900039,18965,descent,32349,32351,32349,32319,32349,32351,32349,32319,0
11.247008799022296,18985,descent,32613,32565,32575,32567,32613,32565,32575,32567,0
11.266890794999199,19005,descent,32645,32599,32599,32589,32645,32599,32599,32589,0
11.287984250026057,19026,descent,32653,32625,32651,32651,32653,32625,32651,32651,0
11.307884549023584,19046,descent,32661,32661,32649,32621,32661,32661,32649,32621,0
11.327937164023751,19066,descent,32700,32638,32624,32630,32700,32638,32624,32630,0
11.346963937015971,19085,descent,32636,32598,32596,32578,32636,32598,32596,32578,0
11.36694989100215,19105,descent,32523,32507,32487,32479,32523,32507,32487,32479,0
11.386955845024204,19125,descent,32528,32500,32480,32484,32528,32500,32480,32484,0
11.406941161025316,19145,descent,32547,32513,32499,32493,32547,32513,32499,32493,0
11.427002348005772,19165,descent,32697,32661,32653,32637,32697,32661,32653,32637,0
11.446963190013776,19185,descent,32733,32675,32681,32699,32733,32675,32681,32699,0
11.466997565003112,19205,descent,32757,32723,32695,32705,32757,32723,32695,32705,0
11.48693451701547,19225,descent,32764,32714,32698,32696,32764,32714,32698,32696,0
11.507126279000659,19245,descent,32767,32689,32685,32711,32767,32689,32685,32711,0
11.527054169011535,19265,descent,32724,32730,32698,32668,32724,32730,32698,32668,0
11.546947185008321,19285,descent,32713,32683,32661,32671,32713,32683,32661,32671,0
11.566970615007449,19305,descent,32646,32602,32578,32574,32646,32602,32578,32574,0
11.586968639021507,19325,descent,32672,32628,32602,32594,32672,32628,32602,32594,0
11.606914677016903,19345,descent,32680,32630,32618,32616,32680,32630,32618,32616,0
11.628338978014654,19366,descent,32683,32633,32619,32617,32683,32633,32619,32617,0
11.647967343014898,19386,descent,32718,32682,32650,32666,32718,32682,32650,32666,0
11.667982664017472,19406,descent,32848,32824,32796,32788,32848,32824,32796,32788,0
11.686932972021168,19425,descent,32881,32827,32805,32811,32881,32827,32805,32811,0
11.707144183019409,19445,descent,32848,32868,32770,32854,32848,32868,32770,32854,0
11.727004241023678,19465,descent,32876,32816,32808,32820,32876,32816,32808,32820,0
11.746922626014566,19485,descent,32709,32747,32641,32751,32709,32747,32641,32751,0
11.767963448015507,19506,descent,32744,32714,32690,32704,32744,32714,32690,32704,0
11.78803883100045,19526,descent,32703,32757,32617,32751,32703,32757,32617,32751,0
11.807934493001085,19546,descent,32751,32703,32691,32699,32751,32703,32691,32699,0
11.828028365998762,19566,descent,32724,32732,32648,32748,32724,32732,32648,32748,0
11.847963742009597,19586,descent,32732,32754,32670,32756,32732,32754,32670,32756,0
11.867931714019505,19606,descent,32780,32728,32720,32732,32780,32728,32720,32732,0
11.887935606006067,19626,descent,32748,32768,32686,32774,32748,32768,32686,32774,0
11.907970525004202,19646,descent,32895,32839,32833,32849,32895,32839,32833,32849,0
11.927983661007602,19666,descent,32841,32885,32779,32899,32841,32885,32779,32899,0
11.94798649600125,19686,descent,32881,32835,32835,32841,32881,32835,32835,32841,0
11.967936388013186,19706,descent,32727,32761,32685,32763,32727,32761,32685,32763,0
11.987939736020053,19726,descent,32730,32746,32672,32768,32730,32746,32672,32768,0
12.007983465009602,19746,descent,32734,32710,32684,32700,32734,32710,32684,32700,0
12.027957723010331,19766,descent,32701,32735,32663,32745,32701,32735,32663,32745,0
12.047984164004447,19786,descent,32716,32682,32670,32668,32716,32682,32670,32668,0
12.067864634998841,19806,descent,32682,32716,32634,32716,32682,32716,32634,32716,0
12.087900908023585,19826,descent,32681,32717,32635,32715,32681,32717,32635,32715,0
12.108073934010463,19846,descent,32730,32690,32658,32662,32730,32690,32658,32662,0
12.12845751302666,19866,descent,32685,32663,32645,32663,32685,32663,32645,32663,0
12.147915453999303,19886,descent,32777,32741,32741,32745,32777,32741,32741,32745,0
12.167938149999827,19906,descent,32772,32740,32738,32742,32772,32740,32738,32742,0
12.187955925008282,19926,descent,32780,32750,32736,32738,32780,32750,32736,32738,0
12.207987075002166,19946,descent,32793,32751,32735,32749,32793,32751,32735,32749,0
12.228002182004275,19966,descent,32801,32759,32759,32773,32801,32759,32759,32773,0
12.248116452014074,19986,descent,32813,32773,32755,32771,32813,32773,32755,32771,0
12.267983621015446,20006,descent,32807,32785,32767,32765,32807,32785,32767,32765,0
12.287913508014753,20026,descent,32694,32660,32664,32674,32694,32660,32664,32674,0
12.30797841202002,20046,descent,32714,32660,32636,32666,32714,32660,32636,32666,0
12.328049982024822,20066,descent,32706,32674,32658,32666,32706,32674,32658,32666,0
12.34803863702109,20086,descent,32719,32691,32663,32671,32719,32691,32663,32671,0
12.36805909400573,20106,descent,32729,32701,32677,32685,32729,32701,32677,32685,0
12.387950888019986,20126,descent,32702,32752,32650,32732,32702,32752,32650,32732,0
12.40789502899861,20146,descent,32698,32674,32658,32666,32698,32674,32658,32666,0
12.427941460016882,20166,descent,32662,32710,32606,32690,32662,32710,32606,32690,0
12.449341269006254,20186,descent,32761,32743,32729,32731,32761,32743,32729,32731,0
12.4678357700177,20205,descent,32766,32830,32724,32812,32766,32830,32724,32812,0
12.4879456970084,20225,descent,32723,32691,32655,32671,32723,32691,32655,32671,0
12.508028198004467,20245,descent,32679,32723,32621,32717,32679,32723,32621,32717,0
12.527946103014983,20265,descent,32719,32719,32685,32669,32719,32719,32685,32669,0
12.547960299998522,20285,descent,32727,32731,32667,32723,32727,32731,32667,32723,0
12.567870438011596,20305,descent,32780,32704,32690,32722,32780,32704,32690,32722,0
12.587881510000443,20325,descent,32745,32709,32681,32701,32745,32709,32681,32701,0
12.608027005015174,20345,descent,32697,32737,32629,32729,32697,32737,32629,32729,0
12.627938365010777,20365,descent,32948,32894,32878,32888,32948,32894,32878,32888,0
12.648924149019876,20386,descent,32944,32902,32898,32896,32944,32902,32898,32896,0
12.66790241401759,20405,descent,32952,32910,32880,32906,32952,32910,32880,32906,0
12.687936271016952,20425,descent,32824,32818,32804,32786,32824,32818,32804,32786,0
12.708056779025355,20445,descent,32739,32679,32645,32661,32739,32679,32645,32661,0
12.728135864017531,20465,descent,32712,32654,32648,32666,32712,32654,32648,32666,0
12.748020252998685,20485,descent,32703,32671,32645,32661,32703,32671,32645,32661,0
12.767962639016332,20505,descent,32710,32658,32642,32678,32710,32658,32642,32678,0
12.78895185800502,20526,stop,31303,31253,31253,31259,31303,31253,31253,31259,0
12.808993607002776,20546,stop,31506,31470,31452,31476,31506,31470,31452,31476,0
12.82906594700762,20566,stop,31763,31725,31729,31751,31763,31725,31729,31751,0
12.84895343502285,20586,stop,32121,32069,32071,32083,32121,32069,32071,32083,0
12.868926066003041,20606,stop,32463,32425,32433,32459,32463,32425,32433,32459,0
12.888905660016462,20626,stop,32789,32763,32717,32731,32789,32763,32717,32731,0
12.908895032014698,20646,stop,32896,32844,32858,32870,32896,32844,32858,32870,0
12.92921393099823,20666,stop,33237,33199,33193,33191,33237,33199,33193,33191,0
12.949026810005307,20686,stop,33412,33406,33400,33394,33412,33406,33400,33394,0
12.968945651024114,20706,stop,33647,33575,33571,33603,33647,33575,33571,33603,0
12.987864170019748,20725,stop,33748,33724,33754,33738,33748,33724,33754,33738,0
13.007943021017127,20745,stop,33865,33841,33829,33841,33865,33841,33829,33841,0
13.027952012023889,20765,stop,33945,33913,33915,33907,33945,33913,33915,33907,0
13.048922093003057,20786,stop,34001,33977,33969,33977,34001,33977,33969,33977,0
13.068891644012183,20806,stop,34045,34003,33993,34027,34045,34003,33993,34027,0
13.088892405998195,20826,stop,34074,34042,34028,34024,34074,34042,34028,34024,0
13.108986867999192,20846,stop,34093,34027,34039,34081,34093,34027,34039,34081,0
13.129410681023728,20866,stop,34095,34077,34055,34061,34095,34077,34055,34061,0
13.148973831004696,20886,stop,34107,34057,34063,34077,34107,34057,34063,34077,0
13.16889735701261,20906,stop,34099,34075,34065,34053,34099,34075,34065,34053,0
13.188916607003193,20926,stop,34077,34055,34035,34049,34077,34055,34035,34049,0
13.209042331000092,20946,stop,34045,34063,34017,33991,34045,34063,34017,33991,0
13.229224072012585,20966,stop,34038,34000,33986,33992,34038,34000,33986,33992,0
13.247827885003062,20985,stop,33998,33966,33952,33952,33998,33966,33952,33952,0
13.267903370026033,21005,stop,33955,33937,33907,33921,33955,33937,33907,33921,0
13.287880844000028,21025,stop,33916,33898,33870,33880,33916,33898,33870,33880,0
13.3089746379992,21046,stop,0,0,0,0,0,0,0,0,0
13.329208962008124,21066,stop,0,0,0,0,0,0,0,0,0
13.348865605017636,21086,stop,0,0,0,0,0,0,0,0,0
13.367937037022784,21105,stop,0,0,0,0,0,0,0,0,0
13.387934823025716,21125,stop,0,0,0,0,0,0,0,0,0
13.407945555023616,21145,stop,0,0,0,0,0,0,0,0,0
13.427979309024522,21165,stop,0,0,0,0,0,0,0,0,0
13.447938169003464,21185,stop,0,0,0,0,0,0,0,0,0
13.467860082018888,21205,stop,0,0,0,0,0,0,0,0,0
13.487902900000336,21225,stop,0,0,0,0,0,0,0,0,0
13.507985725009348,21245,stop,0,0,0,0,0,0,0,0,0
13.527943809021963,21265,stop,0,0,0,0,0,0,0,0,0
13.548037842003396,21285,stop,0,0,0,0,0,0,0,0,0
13.567962312023155,21305,stop,0,0,0,0,0,0,0,0,0
13.587989352003206,21325,stop,0,0,0,0,0,0,0,0,0
13.607926115015289,21345,stop,0,0,0,0,0,0,0,0,0
13.628155841026455,21365,stop,0,0,0,0,0,0,0,0,0
13.648281574016437,21385,stop,0,0,0,0,0,0,0,0,0
13.667887650022749,21405,stop,0,0,0,0,0,0,0,0,0
13.687935610010754,21425,stop,0,0,0,0,0,0,0,0,0
13.707876917003887,21445,stop,0,0,0,0,0,0,0,0,0
13.727956114016706,21465,stop,0,0,0,0,0,0,0,0,0
13.74804579600459,21485,stop,0,0,0,0,0,0,0,0,0
13.767936365999049,21505,stop,0,0,0,0,0,0,0,0,0
13.787945340998704,21525,stop,0,0,0,0,0,0,0,0,0
13.807917280006222,21545,stop,0,0,0,0,0,0,0,0,0
