motor,controller,trial_seed,candidate,file,fault_to_contact_s,touchdown_vertical_speed_mps,peak_abs_vz_postfault,mean_abs_vz_postfault,integral_abs_vz_dt,max_motor_pwm_postfault,mean_max_motor_pwm_postfault,mean_motor_m1,mean_motor_m2,mean_motor_m3,mean_motor_m4,safe_touchdown
1,cem,19980001,opp_m3_12000,qp_event_allocator_m1_eta0p496_seededfine_cem_m1_eta0p496_seed19980001.csv,3.1018726825714094,0.3410252630710602,0.3410252630710602,0.2234178541154229,0.6947617321143957,39337.0,33738.077253218886,32230.109442060086,30982.982832618025,32594.849785407725,33728.88412017167,True
1,cem,19980002,opp_m3_12000,qp_event_allocator_m1_eta0p496_seededfine_cem_m1_eta0p496_seed19980002.csv,3.0810303688049316,0.3439726531505584,0.3439726531505584,0.22581464301726376,0.6972390003124889,39481.0,33925.07343412527,32232.19654427646,31156.6717062635,32561.691144708424,33919.72138228942,True
1,cem,19980003,opp_m3_12000,qp_event_allocator_m1_eta0p496_seededfine_cem_m1_eta0p496_seed19980003.csv,3.098815441131592,0.3449339270591736,0.3449339270591736,0.22344891613153461,0.6939745904109906,39611.0,33782.36480686695,32239.09227467811,31082.40772532189,32486.06008583691,33761.42918454936,True
1,cem,19980004,opp_m3_12000,qp_event_allocator_m1_eta0p496_seededfine_cem_m1_eta0p496_seed19980004.csv,3.1609578132629395,0.3188942670822143,0.3188942670822143,0.21483733748330883,0.680342787937363,39079.0,33681.25473684211,32269.01052631579,30705.583157894736,32668.526315789473,33460.530526315786,True
1,cem,19980005,opp_m3_12000,qp_event_allocator_m1_eta0p496_seededfine_cem_m1_eta0p496_seed19980005.csv,3.060796499252321,0.330125629901886,0.330125629901886,0.2195916099539634,0.6734518128355422,39643.0,33817.60434782608,32224.152173913044,30950.21304347826,32569.00434782609,33808.565217391304,True
1,cem,19980006,opp_m3_12000,qp_event_allocator_m1_eta0p496_seededfine_cem_m1_eta0p496_seed19980006.csv,3.0407416820526123,0.3319820761680603,0.3319820761680603,0.21946332655099163,0.6685390451819846,39629.0,33826.60831509847,32261.849015317286,30977.75054704595,32620.757111597373,33732.57330415755,True
1,cem,19980007,opp_m3_12000,qp_event_allocator_m1_eta0p496_seededfine_cem_m1_eta0p496_seed19980007.csv,3.0599076747894305,0.3355199992656708,0.3355199992656708,0.22272867203548388,0.682833579956151,39429.0,33845.034782608695,32250.91956521739,31068.808695652173,32593.834782608697,33807.62173913044,True
1,cem,19980008,opp_m3_12000,qp_event_allocator_m1_eta0p496_seededfine_cem_m1_eta0p496_seed19980008.csv,3.0600619316101074,0.3285582661628723,0.3285582661628723,0.22159491711215157,0.6796010057713421,39305.0,33657.34130434783,32267.60652173913,30500.263043478262,32648.502173913042,33345.889130434785,True
1,cem,19980009,opp_m3_12000,qp_event_allocator_m1_eta0p496_seededfine_cem_m1_eta0p496_seed19980009.csv,3.060070276260376,0.3275552093982696,0.3275552093982696,0.22099797376330294,0.6780526287763948,39609.0,33855.25652173913,32225.16739130435,31037.956521739132,32630.513043478262,33851.37826086956,True
1,cem,19980010,opp_m3_12000,qp_event_allocator_m1_eta0p496_seededfine_cem_m1_eta0p496_seed19980010.csv,3.1600377559661883,0.333672285079956,0.333672285079956,0.22206876996316408,0.7033677238169762,39319.0,33788.16631578947,32232.031578947368,31025.538947368423,32577.366315789473,33778.0147368421,True
1,cem,19980011,opp_m3_12000,qp_event_allocator_m1_eta0p496_seededfine_cem_m1_eta0p496_seed19980011.csv,3.158987045288084,0.331708014011383,0.331708014011383,0.22182256222016325,0.7019189796534262,39613.0,33837.84842105263,32254.18105263158,30830.85052631579,32612.74947368421,33655.48631578947,True
1,cem,19980012,opp_m3_12000,qp_event_allocator_m1_eta0p496_seededfine_cem_m1_eta0p496_seed19980012.csv,3.158852338790892,0.327679693698883,0.327679693698883,0.219031814377951,0.6933866540969165,39343.0,33650.91368421053,32266.597894736842,30580.753684210526,32653.595789473686,33333.56210526316,True
1,cem,19980013,opp_m3_12000,qp_event_allocator_m1_eta0p496_seededfine_cem_m1_eta0p496_seed19980013.csv,3.1808829307556152,0.3361386954784393,0.3361386954784393,0.2201911236152684,0.7017496310749269,39849.0,34002.26778242678,32280.594142259415,31006.405857740585,32642.619246861923,33875.284518828455,True
1,cem,19980014,opp_m3_12000,qp_event_allocator_m1_eta0p496_seededfine_cem_m1_eta0p496_seed19980014.csv,2.9586911201477033,0.316166341304779,0.316166341304779,0.22650829015896143,0.6715486010812911,39393.0,33767.3595505618,32173.737078651684,30791.260674157304,32597.876404494382,33741.269662921346,True
1,cem,19980015,opp_m3_12000,qp_event_allocator_m1_eta0p496_seededfine_cem_m1_eta0p496_seed19980015.csv,3.1799697875976562,0.3233824968338012,0.3233824968338012,0.21626905449149764,0.6889708758952533,39551.0,33705.715481171545,32256.6589958159,30642.121338912133,32648.7949790795,33403.23012552301,True
1,cem,19980016,opp_m3_12000,qp_event_allocator_m1_eta0p496_seededfine_cem_m1_eta0p496_seed19980016.csv,3.018941164016722,0.3423652052879333,0.3423652052879333,0.22575105929855946,0.6833337879271582,39473.0,33809.01321585903,32225.270925110133,31056.079295154184,32548.33920704846,33793.56828193833,True
1,cem,19980017,opp_m3_12000,qp_event_allocator_m1_eta0p496_seededfine_cem_m1_eta0p496_seed19980017.csv,3.1200201511383057,0.3398310542106628,0.3398310542106628,0.22187385703228527,0.6936666199321846,39447.0,33910.253731343284,32250.571428571428,31078.5223880597,32541.9381663113,33809.9722814499,True
1,cem,19980018,opp_m3_12000,qp_event_allocator_m1_eta0p496_seededfine_cem_m1_eta0p496_seed19980018.csv,2.8828606605529803,0.3473283350467682,0.3473283350467682,0.23885674789380154,0.689814870726462,39249.0,33695.773672055424,32185.332563510394,30634.272517321016,32491.293302540416,33585.38106235566,True
1,cem,19980019,opp_m3_12000,qp_event_allocator_m1_eta0p496_seededfine_cem_m1_eta0p496_seed19980019.csv,3.0986759662628174,0.3387675881385803,0.3387675881385803,0.22258549877452413,0.691034315031781,38905.0,33654.11373390558,32260.356223175964,30574.757510729614,32661.388412017168,33347.13948497854,True
1,cem,19980020,opp_m3_12000,qp_event_allocator_m1_eta0p496_seededfine_cem_m1_eta0p496_seed19980020.csv,3.140258312225342,0.3346583545207977,0.3346583545207977,0.21972779291080138,0.6913832056905523,39569.0,33876.6906779661,32247.165254237287,31047.868644067796,32574.813559322032,33791.161016949154,True
1,cem,19980021,opp_m3_12000,qp_event_allocator_m1_eta0p496_seededfine_cem_m1_eta0p496_seed19980021.csv,3.08030104637146,0.3284714818000793,0.3284714818000793,0.21810827577701863,0.6735999592393519,39425.0,33882.04319654428,32208.693304535638,31085.917926565875,32606.095032397407,33870.36717062635,True
1,cem,19980022,opp_m3_12000,qp_event_allocator_m1_eta0p496_seededfine_cem_m1_eta0p496_seed19980022.csv,3.1618506908416766,0.3454422950744629,0.3454422950744629,0.2250355138418902,0.7130708104127931,39489.0,33626.54947368421,32266.475789473683,30593.25894736842,32618.614736842104,33287.85263157895,True
1,cem,19980023,opp_m3_12000,qp_event_allocator_m1_eta0p496_seededfine_cem_m1_eta0p496_seed19980023.csv,3.0790178775787354,0.3269722759723663,0.3269722759723663,0.21908136516393084,0.6763653690658041,39123.0,33737.39308855292,32222.842332613393,31005.16414686825,32573.362850971924,33730.64146868251,True
1,cem,19980024,opp_m3_12000,qp_event_allocator_m1_eta0p496_seededfine_cem_m1_eta0p496_seed19980024.csv,3.180185079574585,0.3381931185722351,0.3381931185722351,0.2235057581426521,0.7125779404197742,39627.0,33739.60460251046,32232.910041841005,31038.713389121338,32549.73849372385,33728.63389121339,True
1,cem,19980025,opp_m3_12000,qp_event_allocator_m1_eta0p496_seededfine_cem_m1_eta0p496_seed19980025.csv,3.1216528415679914,0.3442291021347046,0.3442291021347046,0.22444257760511788,0.7021190244567016,39617.0,33647.852878464815,32274.31130063966,30549.972281449893,32624.872068230277,33295.79317697228,True
1,cem,19980026,opp_m3_12000,qp_event_allocator_m1_eta0p496_seededfine_cem_m1_eta0p496_seed19980026.csv,3.0994248390197754,0.3325529396533966,0.3325529396533966,0.22013779296369848,0.6838121568886271,39289.0,33627.92060085837,32255.91416309013,30610.06652360515,32609.52575107296,33358.444206008586,True
1,cem,19980027,opp_m3_12000,qp_event_allocator_m1_eta0p496_seededfine_cem_m1_eta0p496_seed19980027.csv,3.0991220474243164,0.3377043008804321,0.3377043008804321,0.2234294976121766,0.6939107658153929,39201.0,33724.26394849786,32226.517167381975,30960.362660944207,32591.37982832618,33702.10515021459,True
1,cem,19980028,opp_m3_12000,qp_event_allocator_m1_eta0p496_seededfine_cem_m1_eta0p496_seed19980028.csv,3.1789186000823957,0.334130197763443,0.334130197763443,0.2195570331162317,0.6993031730457329,39379.0,33889.884937238494,32264.064853556487,30853.29079497908,32614.089958158995,33713.152719665275,True
1,cem,19980029,opp_m3_12000,qp_event_allocator_m1_eta0p496_seededfine_cem_m1_eta0p496_seed19980029.csv,3.1202645301818865,0.3438464105129242,0.3438464105129242,0.22543694404785886,0.7045581556315097,39397.0,33745.69296375266,32245.326226012792,30986.925373134327,32613.428571428572,33696.53304904051,True
1,cem,19980030,opp_m3_12000,qp_event_allocator_m1_eta0p496_seededfine_cem_m1_eta0p496_seed19980030.csv,3.181006431579588,0.3298317492008209,0.3298317492008209,0.21879774337989047,0.6972876392224934,39485.0,33761.64225941423,32245.539748953976,30993.257322175734,32636.5,33712.771966527194,True
4,cem,49980001,opp_m2_12000,qp_event_allocator_m4_eta0p496_seededfine_cem_m4_eta0p496_seed49980001.csv,3.8608696460723877,0.3236320316791534,0.3236320316791534,0.17809022446403855,0.688862024603409,39847.0,33690.96724137931,31222.743103448276,32598.443103448277,33689.69827586207,32286.32068965517,True
4,cem,49980002,opp_m2_12000,qp_event_allocator_m4_eta0p496_seededfine_cem_m4_eta0p496_seed49980002.csv,3.560929536819458,0.3401793837547302,0.3401793837547302,0.19353153968412673,0.6905096685279151,39821.0,33655.358878504674,31250.315887850466,32536.872897196263,33642.95514018692,32267.66542056075,True
4,cem,49980003,opp_m2_12000,qp_event_allocator_m4_eta0p496_seededfine_cem_m4_eta0p496_seed49980003.csv,3.5810208320617676,0.3460808992385864,0.3460808992385864,0.1950212795911426,0.699817427160328,39891.0,33594.43494423792,31185.345724907063,32547.408921933085,33581.263940520446,32265.17100371747,True
4,cem,49980004,opp_m2_12000,qp_event_allocator_m4_eta0p496_seededfine_cem_m4_eta0p496_seed49980004.csv,3.5400502681732213,0.3378413617610931,0.3378413617610931,0.19053175846111253,0.6755919837593112,39833.0,33626.17669172932,30950.541353383458,32587.236842105263,33446.259398496244,32289.42105263158,True
4,cem,49980005,opp_m2_12000,qp_event_allocator_m4_eta0p496_seededfine_cem_m4_eta0p496_seed49980005.csv,3.6189949512481707,0.3330937922000885,0.3330937922000885,0.19044899941517915,0.6904704764439968,39713.0,33732.086397058825,31308.998161764706,32577.354779411766,33727.57169117647,32265.376838235294,True
4,cem,49980006,opp_m2_12000,qp_event_allocator_m4_eta0p496_seededfine_cem_m4_eta0p496_seed49980006.csv,3.6210055351257324,0.335145503282547,0.335145503282547,0.18777001035949284,0.6806774133562841,39751.0,33569.30147058824,30870.1875,32594.007352941175,33357.23529411765,32295.854779411766,True
4,cem,49980007,opp_m2_12000,qp_event_allocator_m4_eta0p496_seededfine_cem_m4_eta0p496_seed49980007.csv,3.6190812587738055,0.3364667594432831,0.3364667594432831,0.19296277924748959,0.6995821285625858,39695.0,33608.84742647059,31038.023897058825,32582.38051470588,33445.69669117647,32276.295955882353,True
4,cem,49980008,opp_m2_12000,qp_event_allocator_m4_eta0p496_seededfine_cem_m4_eta0p496_seed49980008.csv,3.6999549865722656,0.3425879180431366,0.3425879180431366,0.19030605406389847,0.7050344221076514,39821.0,33610.496402877696,30891.726618705037,32520.15107913669,33320.68705035971,32306.760791366905,True
4,cem,49980009,opp_m2_12000,qp_event_allocator_m4_eta0p496_seededfine_cem_m4_eta0p496_seed49980009.csv,3.519685745239256,0.3476317226886749,0.3476317226886749,0.19455314236728294,0.6861563927482451,39875.0,33728.59168241966,31288.466918714556,32546.1606805293,33718.705103969754,32259.026465028357,True
4,cem,49980010,opp_m2_12000,qp_event_allocator_m4_eta0p496_seededfine_cem_m4_eta0p496_seed49980010.csv,3.5220754146575928,0.3449893295764923,0.3449893295764923,0.19396690365071417,0.6846680684012783,39717.0,33679.33459357278,30724.712665406427,32524.240075614365,33196.63327032136,32307.561436672968,True
4,cem,49980011,opp_m2_12000,qp_event_allocator_m4_eta0p496_seededfine_cem_m4_eta0p496_seed49980011.csv,3.659879207611084,0.3314676284790039,0.3314676284790039,0.1859048461850563,0.6813908278038922,39801.0,33633.21636363636,30930.86727272727,32608.474545454545,33393.20545454545,32314.78909090909,True
4,cem,49980012,opp_m2_12000,qp_event_allocator_m4_eta0p496_seededfine_cem_m4_eta0p496_seed49980012.csv,3.622175216674803,0.3356642127037048,0.3356642127037048,0.19084674649981453,0.6922379500228655,39687.0,33719.487132352944,31119.417279411766,32566.909926470587,33536.29227941176,32296.479779411766,True
4,cem,49980013,opp_m2_12000,qp_event_allocator_m4_eta0p496_seededfine_cem_m4_eta0p496_seed49980013.csv,3.478971004486084,0.340339332818985,0.340339332818985,0.1927421427234815,0.6714681957701796,39809.0,33655.816443594646,31048.780114722755,32566.757170172084,33557.92734225621,32290.328871892925,True
4,cem,49980014,opp_m2_12000,qp_event_allocator_m4_eta0p496_seededfine_cem_m4_eta0p496_seed49980014.csv,3.559897661209108,0.3392707109451294,0.3392707109451294,0.18909641245432268,0.6746856259720604,39989.0,33734.478504672894,31270.02242990654,32589.846728971963,33728.19813084112,32268.471028037384,True
4,cem,49980015,opp_m2_12000,qp_event_allocator_m4_eta0p496_seededfine_cem_m4_eta0p496_seed49980015.csv,3.6862411499023438,0.3371241688728332,0.3371241688728332,0.1894283506208374,0.6992666127919533,39835.0,33656.354430379746,31165.804701627487,32557.78300180832,33650.69439421338,32285.25678119349,True
4,cem,49980016,opp_m2_12000,qp_event_allocator_m4_eta0p496_seededfine_cem_m4_eta0p496_seed49980016.csv,3.6400182247161883,0.3420900404453277,0.3420900404453277,0.1923908800945721,0.7013747239221215,39785.0,33646.25411334552,31129.482632541134,32559.482632541134,33515.70566727605,32304.91407678245,True
4,cem,49980017,opp_m2_12000,qp_event_allocator_m4_eta0p496_seededfine_cem_m4_eta0p496_seed49980017.csv,3.7613322734832746,0.3398401141166687,0.3398401141166687,0.1866967269491437,0.7037274950554724,40009.0,33686.01061946902,31273.617699115046,32554.86017699115,33682.23362831859,32284.78761061947,True
4,cem,49980018,opp_m2_12000,qp_event_allocator_m4_eta0p496_seededfine_cem_m4_eta0p496_seed49980018.csv,3.520942449569702,0.3347802758216858,0.3347802758216858,0.18982377262268435,0.6696594636532375,39817.0,33638.85822306238,30916.17391304348,32548.65406427221,33396.608695652176,32272.969754253307,True
4,cem,49980019,opp_m2_12000,qp_event_allocator_m4_eta0p496_seededfine_cem_m4_eta0p496_seed49980019.csv,3.4612019062042236,0.3515090644359588,0.3515090644359588,0.19784666013617355,0.6863204351004095,39867.0,33729.092307692306,31261.115384615383,32569.60769230769,33717.26153846154,32261.342307692306,False
4,cem,49980020,opp_m2_12000,qp_event_allocator_m4_eta0p496_seededfine_cem_m4_eta0p496_seed49980020.csv,3.660102128982544,0.346155434846878,0.346155434846878,0.18853664060715924,0.6911156429595111,40105.0,33693.14909090909,31234.94181818182,32555.04,33687.490909090906,32278.54,True
4,cem,49980021,opp_m2_12000,qp_event_allocator_m4_eta0p496_seededfine_cem_m4_eta0p496_seed49980021.csv,3.6408729553222656,0.3413896262645721,0.3413896262645721,0.1909827561853232,0.696451953259885,39823.0,33676.42047531993,31068.606946983546,32586.19744058501,33471.00914076783,32305.804387568554,True
4,cem,49980022,opp_m2_12000,qp_event_allocator_m4_eta0p496_seededfine_cem_m4_eta0p496_seed49980022.csv,3.579873085021971,0.3287862539291382,0.3287862539291382,0.18653829891726265,0.6689331070701119,39985.0,33757.49814126394,31314.74349442379,32585.843866171002,33753.457249070634,32281.52973977695,True
4,cem,49980023,opp_m2_12000,qp_event_allocator_m4_eta0p496_seededfine_cem_m4_eta0p496_seed49980023.csv,3.5786261558532715,0.3371914029121399,0.3371914029121399,0.1912298720467621,0.6856282321168489,39625.0,33710.089219330854,31260.31970260223,32534.368029739777,33702.58736059479,32276.45724907063,True
4,cem,49980024,opp_m2_12000,qp_event_allocator_m4_eta0p496_seededfine_cem_m4_eta0p496_seed49980024.csv,3.619839906692505,0.3485549390316009,0.3485549390316009,0.19380910145264352,0.7032167071406914,39823.0,33779.038602941175,31352.88786764706,32573.163602941175,33769.288602941175,32268.59926470588,True
4,cem,49980025,opp_m2_12000,qp_event_allocator_m4_eta0p496_seededfine_cem_m4_eta0p496_seed49980025.csv,3.4620048999786377,0.3441666066646576,0.3441666066646576,0.19405555083067155,0.6730326191193985,39885.0,33737.071153846155,31085.71923076923,32546.419230769232,33526.75961538462,32298.83653846154,True
4,cem,49980026,opp_m2_12000,qp_event_allocator_m4_eta0p496_seededfine_cem_m4_eta0p496_seed49980026.csv,3.681157350540161,0.3258682787418365,0.3258682787418365,0.18245064641204184,0.6726609143751343,40025.0,33612.728752260395,31068.55877034358,32587.795660036165,33571.473779385175,32284.649186256782,True
4,cem,49980027,opp_m2_12000,qp_event_allocator_m4_eta0p496_seededfine_cem_m4_eta0p496_seed49980027.csv,3.7404372692108154,0.3265357613563537,0.3265357613563537,0.18126746122576162,0.6793519812103936,39567.0,33680.58185053381,31176.930604982208,32605.008896797153,33680.485765124555,32276.637010676157,True
4,cem,49980028,opp_m2_12000,qp_event_allocator_m4_eta0p496_seededfine_cem_m4_eta0p496_seed49980028.csv,3.561025381088257,0.3453749418258667,0.3453749418258667,0.19402292779427063,0.691247834927073,39953.0,33730.4925093633,31311.95692883895,32535.73595505618,33716.769662921346,32266.2265917603,True
4,cem,49980029,opp_m2_12000,qp_event_allocator_m4_eta0p496_seededfine_cem_m4_eta0p496_seed49980029.csv,3.6186296939849836,0.3435623347759247,0.3435623347759247,0.1922860864938497,0.6973851762221441,39623.0,33630.69117647059,30963.992647058825,32574.922794117647,33411.37132352941,32277.865808823528,True
4,cem,49980030,opp_m2_12000,qp_event_allocator_m4_eta0p496_seededfine_cem_m4_eta0p496_seed49980030.csv,3.4840497970581055,0.3437380194664001,0.3437380194664001,0.19543157879042353,0.6816456409298598,39937.0,33794.90057361377,31148.326959847036,32576.239005736137,33671.54302103251,32309.80879541109,True
1,qplite,14980001,opp_m3_10000,qp_event_allocator_m1_eta0p496_seededfine_qplite_m1_eta0p496_seed14980001.csv,2.560018301010132,0.3916913866996765,0.3916913866996765,0.26187949235817154,0.672321600017699,38483.0,33517.833766233765,32196.387012987012,30454.68051948052,32406.114285714284,33166.24415584416,False
1,qplite,14980002,opp_m3_10000,qp_event_allocator_m1_eta0p496_seededfine_qplite_m1_eta0p496_seed14980002.csv,2.77994966506958,0.3638624250888824,0.3638624250888824,0.2513218187330442,0.7002253503520253,38755.0,33543.88516746411,32218.22009569378,30576.923444976077,32539.315789473683,33207.40669856459,False
1,qplite,14980003,opp_m3_10000,qp_event_allocator_m1_eta0p496_seededfine_qplite_m1_eta0p496_seed14980003.csv,2.741939067840576,0.3769897818565368,0.3769897818565368,0.2543463752485215,0.6991689628674386,38827.0,33624.779126213594,32227.980582524273,30646.22087378641,32469.70145631068,33207.27427184466,False
1,qplite,14980004,opp_m3_10000,qp_event_allocator_m1_eta0p496_seededfine_qplite_m1_eta0p496_seed14980004.csv,2.701979398727415,0.3597642779350281,0.3597642779350281,0.2488885805793015,0.6738087763762413,38917.0,33640.0960591133,32230.28078817734,30542.26354679803,32581.672413793105,33213.86945812808,False
1,qplite,14980005,opp_m3_10000,qp_event_allocator_m1_eta0p496_seededfine_qplite_m1_eta0p496_seed14980005.csv,2.779205799102785,0.3653450012207031,0.3653450012207031,0.25497872594345145,0.7107675034294848,38839.0,33679.753588516745,32166.06698564593,31070.964114832535,32472.73923444976,33619.72009569378,False
1,qplite,14980006,opp_m3_10000,qp_event_allocator_m1_eta0p496_seededfine_qplite_m1_eta0p496_seed14980006.csv,2.6809356212615967,0.3662118315696716,0.3662118315696716,0.25056465564552166,0.6735560900668436,39123.0,33707.493796526054,32177.66501240695,30966.09429280397,32364.481389578163,33599.950372208434,False
1,qplite,14980007,opp_m3_10000,qp_event_allocator_m1_eta0p496_seededfine_qplite_m1_eta0p496_seed14980007.csv,2.7199249267578125,0.3706728518009186,0.3706728518009186,0.25201073952342556,0.6871423808173394,38901.0,33665.95599022005,32164.731051344745,30961.863080684598,32442.650366748167,33579.926650366746,False
1,qplite,14980008,opp_m3_10000,qp_event_allocator_m1_eta0p496_seededfine_qplite_m1_eta0p496_seed14980008.csv,2.8599934577941877,0.3296506702899933,0.3296506702899933,0.24130015951678763,0.6914055907838069,38819.0,33799.79534883721,32193.076744186048,31165.288372093022,32561.45581395349,33787.66511627907,True
1,qplite,14980009,opp_m3_10000,qp_event_allocator_m1_eta0p496_seededfine_qplite_m1_eta0p496_seed14980009.csv,2.778944730758667,0.3590387105941772,0.3590387105941772,0.2516219115378246,0.7008019922818001,38693.0,33704.095693779906,32231.007177033494,30971.576555023923,32560.404306220094,33503.22727272727,False
1,qplite,14980010,opp_m3_10000,qp_event_allocator_m1_eta0p496_seededfine_qplite_m1_eta0p496_seed14980010.csv,2.6999068260192853,0.3581408858299255,0.3581408858299255,0.24965455891562194,0.675555781599131,38815.0,33608.445812807884,32178.655172413793,30756.480295566504,32418.98275862069,33428.43596059113,False
1,qplite,14980011,opp_m3_10000,qp_event_allocator_m1_eta0p496_seededfine_qplite_m1_eta0p496_seed14980011.csv,2.741053819656372,0.3720746636390686,0.3720746636390686,0.25420751081705,0.6984707547726134,39091.0,33725.77669902913,32183.45873786408,30959.087378640776,32442.558252427185,33620.36893203884,False
1,qplite,14980012,opp_m3_10000,qp_event_allocator_m1_eta0p496_seededfine_qplite_m1_eta0p496_seed14980012.csv,2.781998157501219,0.3669350147247314,0.3669350147247314,0.2511210273444412,0.7002919526528462,38855.0,33727.40909090909,32182.11004784689,31187.255980861242,32454.844497607657,33639.87320574163,False
1,qplite,14980013,opp_m3_10000,qp_event_allocator_m1_eta0p496_seededfine_qplite_m1_eta0p496_seed14980013.csv,2.7189385890960693,0.3751890659332275,0.3751890659332275,0.2563147943826679,0.6991334399408542,38877.0,33779.601466992666,32169.21760391198,31122.20293398533,32432.388753056235,33693.58190709046,False
1,qplite,14980014,opp_m3_10000,qp_event_allocator_m1_eta0p496_seededfine_qplite_m1_eta0p496_seed14980014.csv,2.6799023151397705,0.36786088347435,0.36786088347435,0.2521904835791764,0.6773857879955694,38767.0,33608.709677419356,32224.506203473946,30551.042183622827,32515.493796526054,33197.51364764268,False
1,qplite,14980015,opp_m3_10000,qp_event_allocator_m1_eta0p496_seededfine_qplite_m1_eta0p496_seed14980015.csv,2.8031251430511475,0.3455585837364197,0.3455585837364197,0.24380265552696556,0.6841152504086991,38151.0,33433.5296912114,32228.591448931118,30847.20190023753,32589.087885985748,32902.67458432304,True
1,qplite,14980016,opp_m3_10000,qp_event_allocator_m1_eta0p496_seededfine_qplite_m1_eta0p496_seed14980016.csv,2.719024181365967,0.3576984107494354,0.3576984107494354,0.25044959308499865,0.6827946645129254,38773.0,33756.388753056235,32170.171149144255,31060.833740831295,32454.9315403423,33673.06356968215,False
1,qplite,14980017,opp_m3_10000,qp_event_allocator_m1_eta0p496_seededfine_qplite_m1_eta0p496_seed14980017.csv,2.7400090694427472,0.3670694530010223,0.3670694530010223,0.2527432379694836,0.6941373151893123,39043.0,33747.43932038835,32186.174757281555,30997.77427184466,32430.599514563106,33680.13349514563,False
1,qplite,14980018,opp_m3_10000,qp_event_allocator_m1_eta0p496_seededfine_qplite_m1_eta0p496_seed14980018.csv,2.660071849822998,0.3666917979717254,0.3666917979717254,0.25185745962138756,0.6716215236872014,38743.0,33518.485,32210.025,30361.4475,32522.2825,33079.8925,False
1,qplite,14980019,opp_m3_10000,qp_event_allocator_m1_eta0p496_seededfine_qplite_m1_eta0p496_seed14980019.csv,2.682039976119997,0.3616654276847839,0.3616654276847839,0.25244966465702495,0.6788979987574528,38837.0,33744.2158808933,32172.99007444169,30916.781637717122,32482.52853598015,33681.41191066997,False
1,qplite,14980020,opp_m3_10000,qp_event_allocator_m1_eta0p496_seededfine_qplite_m1_eta0p496_seed14980020.csv,2.7387919425964338,0.3709272742271423,0.3709272742271423,0.2523429426669767,0.6932962102259254,38853.0,33651.48543689321,32155.417475728154,31001.766990291264,32423.223300970873,33578.830097087375,False
1,qplite,14980021,opp_m3_10000,qp_event_allocator_m1_eta0p496_seededfine_qplite_m1_eta0p496_seed14980021.csv,2.7390079498291016,0.3774292767047882,0.3774292767047882,0.25596112634498375,0.7029546570940877,38841.0,33784.046116504855,32179.3786407767,31061.191747572815,32434.91990291262,33686.604368932036,False
1,qplite,14980022,opp_m3_10000,qp_event_allocator_m1_eta0p496_seededfine_qplite_m1_eta0p496_seed14980022.csv,2.74198007583618,0.3665686845779419,0.3665686845779419,0.25110989878094275,0.6904107193461807,38699.0,33453.679611650485,32205.007281553397,30483.28640776699,32511.23786407767,33064.029126213594,False
1,qplite,14980023,opp_m3_10000,qp_event_allocator_m1_eta0p496_seededfine_qplite_m1_eta0p496_seed14980023.csv,2.759991168975832,0.36874520778656,0.36874520778656,0.25154391141294175,0.6959397687374245,38953.0,33558.590361445786,32179.477108433734,30799.284337349396,32446.35421686747,33421.395180722895,False
1,qplite,14980024,opp_m3_10000,qp_event_allocator_m1_eta0p496_seededfine_qplite_m1_eta0p496_seed14980024.csv,2.7208659648895264,0.3458089530467987,0.3458089530467987,0.24417870113578305,0.6659753498271577,38959.0,33750.96821515892,32181.56479217604,30939.770171149143,32497.59413202934,33714.40097799511,True
1,qplite,14980025,opp_m3_10000,qp_event_allocator_m1_eta0p496_seededfine_qplite_m1_eta0p496_seed14980025.csv,2.719931602478029,0.3692790865898132,0.3692790865898132,0.2515969365222657,0.686055383757733,38825.0,33614.30562347188,32208.185819070906,30851.987775061123,32472.848410757946,33410.442542787285,False
1,qplite,14980026,opp_m3_10000,qp_event_allocator_m1_eta0p496_seededfine_qplite_m1_eta0p496_seed14980026.csv,2.7861056327819824,0.3452970087528229,0.3452970087528229,0.24273325110235336,0.6780300286749015,38795.0,33667.08612440191,32239.47129186603,30551.358851674642,32561.66028708134,33244.645933014355,True
1,qplite,14980027,opp_m3_10000,qp_event_allocator_m1_eta0p496_seededfine_qplite_m1_eta0p496_seed14980027.csv,2.6610386371612567,0.3745617568492889,0.3745617568492889,0.2530036789586302,0.6750610100220745,38949.0,33553.5775,32218.195,30386.6375,32474.6025,33052.3075,False
1,qplite,14980028,opp_m3_10000,qp_event_allocator_m1_eta0p496_seededfine_qplite_m1_eta0p496_seed14980028.csv,2.699997663497925,0.3692132532596588,0.3692132532596588,0.2521158281605911,0.6824914575019279,38949.0,33869.64039408867,32179.58866995074,31104.064039408866,32444.81280788177,33771.379310344826,False
1,qplite,14980029,opp_m3_10000,qp_event_allocator_m1_eta0p496_seededfine_qplite_m1_eta0p496_seed14980029.csv,2.7009477615356445,0.3715303540229797,0.3715303540229797,0.2538798188737919,0.6876659213430292,38807.0,33660.58374384236,32186.285714285714,30921.504926108373,32426.67733990148,33609.01724137931,False
1,qplite,14980030,opp_m3_10000,qp_event_allocator_m1_eta0p496_seededfine_qplite_m1_eta0p496_seed14980030.csv,2.7622601985931396,0.3594792187213897,0.3594792187213897,0.2486458273391318,0.6881866770345495,38943.0,33738.4843373494,32220.82891566265,30911.142168674698,32542.03373493976,33601.18554216868,False
4,qplite,44980001,opp_m2_10000,qp_event_allocator_m4_eta0p496_seededfine_qplite_m4_eta0p496_seed44980001.csv,3.1200003623962402,0.3688457012176513,0.3688457012176513,0.22570703798400632,0.7059676135544924,39191.0,33605.275053304904,31246.827292110873,32424.56289978678,33531.10447761194,32218.628997867803,False
4,qplite,44980002,opp_m2_10000,qp_event_allocator_m4_eta0p496_seededfine_qplite_m4_eta0p496_seed44980002.csv,3.040051221847534,0.3556917905807495,0.3556917905807495,0.21900541278028238,0.6670576583506902,39001.0,33536.24070021882,30916.09409190372,32499.507658643324,33182.531728665206,32249.71553610503,False
4,qplite,44980003,opp_m2_10000,qp_event_allocator_m4_eta0p496_seededfine_qplite_m4_eta0p496_seed44980003.csv,3.019970417022705,0.385642796754837,0.385642796754837,0.22713211826192387,0.6873537288326865,39477.0,33681.34140969163,31325.125550660792,32392.43832599119,33581.69823788546,32222.041850220263,False
4,qplite,44980004,opp_m2_10000,qp_event_allocator_m4_eta0p496_seededfine_qplite_m4_eta0p496_seed44980004.csv,3.1210176944732666,0.3572379052639007,0.3572379052639007,0.2162961213073052,0.6766914485107302,39457.0,33628.057569296376,31047.554371002134,32521.584221748402,33366.79104477612,32261.00852878465,False
4,qplite,44980005,opp_m2_10000,qp_event_allocator_m4_eta0p496_seededfine_qplite_m4_eta0p496_seed44980005.csv,3.1000101566314697,0.364715039730072,0.364715039730072,0.22532957702647302,0.7000024578628078,39287.0,33601.577253218886,31267.242489270386,32422.650214592275,33497.74892703863,32230.231759656654,False
4,qplite,44980006,opp_m2_10000,qp_event_allocator_m4_eta0p496_seededfine_qplite_m4_eta0p496_seed44980006.csv,3.0989999771118164,0.3802426159381866,0.3802426159381866,0.22667246652854997,0.7038032828789056,39267.0,33515.02789699571,30894.472103004293,32479.497854077254,33147.36051502146,32242.446351931332,False
4,qplite,44980007,opp_m2_10000,qp_event_allocator_m4_eta0p496_seededfine_qplite_m4_eta0p496_seed44980007.csv,3.0398972034454346,0.3707501590251922,0.3707501590251922,0.2270954961886454,0.692195217119849,39273.0,33528.53610503282,31139.678336980305,32452.181619256018,33430.64113785558,32200.04157549234,False
4,qplite,44980008,opp_m2_10000,qp_event_allocator_m4_eta0p496_seededfine_qplite_m4_eta0p496_seed44980008.csv,3.0211815834045392,0.3684134483337402,0.3684134483337402,0.2266206588598157,0.6860719336239481,39069.0,33454.867841409694,30821.942731277533,32473.94713656388,33109.23788546256,32231.202643171808,False
4,qplite,44980009,opp_m2_10000,qp_event_allocator_m4_eta0p496_seededfine_qplite_m4_eta0p496_seed44980009.csv,3.101912736892702,0.364509105682373,0.364509105682373,0.22175425675831528,0.6898670988930748,39447.0,33563.96995708154,30875.78540772532,32474.321888412018,33209.11587982833,32261.755364806868,False
4,qplite,44980010,opp_m2_10000,qp_event_allocator_m4_eta0p496_seededfine_qplite_m4_eta0p496_seed44980010.csv,3.13881826400757,0.3589378893375397,0.3589378893375397,0.22243024311344123,0.6993558159839279,39297.0,33570.15677966102,31124.67161016949,32535.387711864405,33425.095338983054,32244.39194915254,False
4,qplite,44980011,opp_m2_10000,qp_event_allocator_m4_eta0p496_seededfine_qplite_m4_eta0p496_seed44980011.csv,3.078972578048706,0.3735524415969848,0.3735524415969848,0.2263086814896986,0.6984614129927269,39145.0,33484.39308855292,30837.48596112311,32450.49244060475,33135.40820734341,32252.21382289417,False
4,qplite,44980012,opp_m2_10000,qp_event_allocator_m4_eta0p496_seededfine_qplite_m4_eta0p496_seed44980012.csv,3.13960599899292,0.3670591115951538,0.3670591115951538,0.2242011864653836,0.7058896508028206,39219.0,33650.745762711864,31320.56779661017,32461.36440677966,33591.292372881355,32207.194915254237,False
4,qplite,44980013,opp_m2_10000,qp_event_allocator_m4_eta0p496_seededfine_qplite_m4_eta0p496_seed44980013.csv,3.0399763584136963,0.3584761917591095,0.3584761917591095,0.2215743378855296,0.6751512145160297,39549.0,33653.833698030634,31190.984682713348,32468.95842450766,33559.21225382932,32215.684901531728,False
4,qplite,44980014,opp_m2_10000,qp_event_allocator_m4_eta0p496_seededfine_qplite_m4_eta0p496_seed44980014.csv,3.1610219478607178,0.360552042722702,0.360552042722702,0.2220634488045777,0.7038360376171242,39255.0,33601.54315789474,31282.755789473686,32446.823157894738,33542.30947368421,32212.736842105263,False
4,qplite,44980015,opp_m2_10000,qp_event_allocator_m4_eta0p496_seededfine_qplite_m4_eta0p496_seed44980015.csv,3.1396920680999756,0.3726095557212829,0.3726095557212829,0.2226651303166271,0.7006786460782204,39501.0,33516.74152542373,31163.313559322032,32426.67372881356,33397.94491525424,32217.01059322034,False
4,qplite,44980016,opp_m2_10000,qp_event_allocator_m4_eta0p496_seededfine_qplite_m4_eta0p496_seed44980016.csv,3.3804578781127947,0.3288471102714538,0.3288471102714538,0.20327051559336645,0.6887425261724163,39409.0,33767.9468503937,31120.501968503937,32537.02559055118,33720.72244094488,32237.370078740158,True
4,qplite,44980017,opp_m2_10000,qp_event_allocator_m4_eta0p496_seededfine_qplite_m4_eta0p496_seed44980017.csv,3.1046524047851562,0.3737716674804687,0.3737716674804687,0.2230970192592703,0.6942802609493441,39109.0,33387.907725321886,30594.364806866954,32476.957081545064,32943.06008583691,32265.15236051502,False
4,qplite,44980018,opp_m2_10000,qp_event_allocator_m4_eta0p496_seededfine_qplite_m4_eta0p496_seed44980018.csv,3.120177507400511,0.3571317195892334,0.3571317195892334,0.21764742758528177,0.68049031285119,39395.0,33612.32835820896,31067.68017057569,32452.494669509593,33404.127931769726,32251.8144989339,False
4,qplite,44980019,opp_m2_10000,qp_event_allocator_m4_eta0p496_seededfine_qplite_m4_eta0p496_seed44980019.csv,3.2196033000946045,0.3629785478115082,0.3629785478115082,0.2169297165602969,0.6998773149524884,39201.0,33457.26652892562,30873.221074380166,32535.510330578512,33168.479338842975,32262.913223140495,False
4,qplite,44980020,opp_m2_10000,qp_event_allocator_m4_eta0p496_seededfine_qplite_m4_eta0p496_seed44980020.csv,3.1218554973602277,0.35777348279953,0.35777348279953,0.2202381342540243,0.6892017732894089,39617.0,33669.859275053306,31314.897654584223,32483.899786780385,33625.20469083155,32224.45842217484,False
4,qplite,44980021,opp_m2_10000,qp_event_allocator_m4_eta0p496_seededfine_qplite_m4_eta0p496_seed44980021.csv,3.0812528133392334,0.3452467918395996,0.3452467918395996,0.21595337370774642,0.6668078044037044,39069.0,33453.105831533474,30854.913606911447,32529.725701943844,33188.07559395248,32253.695464362852,True
4,qplite,44980022,opp_m2_10000,qp_event_allocator_m4_eta0p496_seededfine_qplite_m4_eta0p496_seed44980022.csv,3.059937477111818,0.3502519130706787,0.3502519130706787,0.2192252282448032,0.6722889987395319,39097.0,33356.92608695652,30504.291304347826,32450.165217391303,32828.68260869565,32257.97391304348,False
4,qplite,44980023,opp_m2_10000,qp_event_allocator_m4_eta0p496_seededfine_qplite_m4_eta0p496_seed44980023.csv,3.0604946613311768,0.3611603081226349,0.3611603081226349,0.22470410644157748,0.6892073816476614,39347.0,33780.74130434782,31455.710869565217,32429.236956521738,33737.35434782608,32207.391304347828,False
4,qplite,44980024,opp_m2_10000,qp_event_allocator_m4_eta0p496_seededfine_qplite_m4_eta0p496_seed44980024.csv,3.040027856826784,0.3666402101516723,0.3666402101516723,0.22402152533111055,0.682070391574418,39187.0,33501.396061269144,30820.010940919037,32536.540481400436,33131.37636761488,32273.647702407,False
4,qplite,44980025,opp_m2_10000,qp_event_allocator_m4_eta0p496_seededfine_qplite_m4_eta0p496_seed44980025.csv,3.1401515007019043,0.3460095524787903,0.3460095524787903,0.212674982143345,0.6693897987870766,39197.0,33540.938559322036,30920.601694915254,32522.241525423728,33279.34322033898,32261.75,True
4,qplite,44980026,opp_m2_10000,qp_event_allocator_m4_eta0p496_seededfine_qplite_m4_eta0p496_seed44980026.csv,3.118962287902832,0.3478580713272095,0.3478580713272095,0.21719579614385137,0.6790551227088671,39557.0,33600.432835820895,31078.837953091683,32442.215351812367,33477.45202558635,32224.036247334756,True
4,qplite,44980027,opp_m2_10000,qp_event_allocator_m4_eta0p496_seededfine_qplite_m4_eta0p496_seed44980027.csv,3.178615570068361,0.358132541179657,0.358132541179657,0.22212900964360077,0.7079107700232986,39473.0,33513.512552301254,31051.16108786611,32512.70920502092,33360.08158995816,32204.78242677824,False
4,qplite,44980028,opp_m2_10000,qp_event_allocator_m4_eta0p496_seededfine_qplite_m4_eta0p496_seed44980028.csv,3.181056737899782,0.3571207821369171,0.3571207821369171,0.21912433957755253,0.6974486012355204,39269.0,33615.50943396227,31301.953878406708,32488.461215932915,33563.06498951782,32231.446540880504,False
4,qplite,44980029,opp_m2_10000,qp_event_allocator_m4_eta0p496_seededfine_qplite_m4_eta0p496_seed44980029.csv,3.2791898250579816,0.3509350121021271,0.3509350121021271,0.21286040986226928,0.6993812765308478,39567.0,33653.622718052735,31243.350912778904,32562.255578093307,33522.62880324544,32273.53752535497,False
4,qplite,44980030,opp_m2_10000,qp_event_allocator_m4_eta0p496_seededfine_qplite_m4_eta0p496_seed44980030.csv,3.181003570556639,0.3477805554866791,0.3477805554866791,0.21512805951163017,0.6860321008990351,39171.0,33625.4769874477,31234.02092050209,32462.958158995814,33584.30125523012,32217.60460251046,True
