protocol_id,ic_protocol,controller,internal_controller,motor,eta,trial_seed,source_csv,row_count,allocator_config,selected_candidate,r1,r2,r3,r4,fault_z,fault_vz,valid_prefault,contact_found,contact_t,contact_phase,vertical_speed_mps,horizontal_speed_mps,max_tilt_deg,max_angular_rate_radps,max_horizontal_drift_m,vertical_speed_ok,horizontal_speed_ok,tilt_ok,angular_rate_ok,drift_ok,safe_touchdown,condition_id,expected_candidate,expected_r1,expected_r2,expected_r3,expected_r4,policy_match,selected_candidate_verified,selected_r1_verified,selected_r2_verified,selected_r3_verified,selected_r4_verified,validation_basis
nominal_m2_fixed_candidate_counterfactual_v1,seeded_ic_v1,manual,qplite,2,0.499675,63000001,/tmp/m2_fixed_validation_b4e_p9oq/adapted_trial.csv,4179,manual_residual_sweep,balanced_1000_0_1000_12000,1000,0,1000,12000,0.723155677318573,-0.0038823445793241262,True,True,15.825145244598389,adaptive_brake,0.2462674230337143,0.010247388785829308,8.402484893798828,1.5455849489726803,0.312744274305167,True,True,True,False,True,False,fixed_balanced1000,balanced_1000_0_1000_12000,1000,0,1000,12000,True,balanced_1000_0_1000_12000,1000,0,1000,12000,base_validator_plus_exact_manual_policy_checks
nominal_m2_fixed_candidate_counterfactual_v1,seeded_ic_v1,manual,qplite,2,0.499675,63000002,/tmp/m2_fixed_validation_k_b1m0f6/adapted_trial.csv,4206,manual_residual_sweep,balanced_1000_0_1000_12000,1000,0,1000,12000,0.7323266267776489,-0.003833030816167593,True,True,15.922887563705444,adaptive_brake,0.24701975286006927,0.010489282530136566,8.403532981872559,1.5738286621713555,0.31697447193574213,True,True,True,False,True,False,fixed_balanced1000,balanced_1000_0_1000_12000,1000,0,1000,12000,True,balanced_1000_0_1000_12000,1000,0,1000,12000,base_validator_plus_exact_manual_policy_checks
nominal_m2_fixed_candidate_counterfactual_v1,seeded_ic_v1,manual,qplite,2,0.499675,63000003,/tmp/m2_fixed_validation_l7jz1v_m/adapted_trial.csv,4215,manual_residual_sweep,balanced_1000_0_1000_12000,1000,0,1000,12000,0.7259475588798523,-0.003946844022721052,True,True,16.046173572540283,adaptive_brake,0.23430947959423065,0.009213028830225003,8.452345848083496,1.5722537014801574,0.32055892177326006,True,True,True,False,True,False,fixed_balanced1000,balanced_1000_0_1000_12000,1000,0,1000,12000,True,balanced_1000_0_1000_12000,1000,0,1000,12000,base_validator_plus_exact_manual_policy_checks
nominal_m2_fixed_candidate_counterfactual_v1,seeded_ic_v1,manual,qplite,2,0.499675,63000004,/tmp/m2_fixed_validation_4a_6x66u/adapted_trial.csv,4176,manual_residual_sweep,balanced_1000_0_1000_12000,1000,0,1000,12000,0.6953052282333374,-0.003918651025742292,True,True,15.824021100997925,adaptive_brake,0.2177894562482834,0.008143903986077778,8.377118110656738,1.5206537784412248,0.32373554498821866,True,True,True,False,True,False,fixed_balanced1000,balanced_1000_0_1000_12000,1000,0,1000,12000,True,balanced_1000_0_1000_12000,1000,0,1000,12000,base_validator_plus_exact_manual_policy_checks
nominal_m2_fixed_candidate_counterfactual_v1,seeded_ic_v1,manual,qplite,2,0.499675,63000005,/tmp/m2_fixed_validation__bgj6bm_/adapted_trial.csv,4209,manual_residual_sweep,balanced_1000_0_1000_12000,1000,0,1000,12000,0.7265409827232361,-0.003927686717361212,True,True,16.104249000549316,landing_ramp,0.23819789290428162,0.009227832568618456,8.414921760559082,1.5341449147207884,0.32322573282762274,True,True,True,False,True,False,fixed_balanced1000,balanced_1000_0_1000_12000,1000,0,1000,12000,True,balanced_1000_0_1000_12000,1000,0,1000,12000,base_validator_plus_exact_manual_policy_checks
nominal_m2_fixed_candidate_counterfactual_v1,seeded_ic_v1,manual,qplite,2,0.499675,63000006,/tmp/m2_fixed_validation_z32y6obw/adapted_trial.csv,4203,manual_residual_sweep,balanced_1000_0_1000_12000,1000,0,1000,12000,0.7335848212242126,-0.003967555705457926,True,True,15.948818445205688,adaptive_brake,0.24131593108177185,0.010306518345019049,8.393125534057617,1.5582540655736612,0.31085923314596625,True,True,True,False,True,False,fixed_balanced1000,balanced_1000_0_1000_12000,1000,0,1000,12000,True,balanced_1000_0_1000_12000,1000,0,1000,12000,base_validator_plus_exact_manual_policy_checks
nominal_m2_fixed_candidate_counterfactual_v1,seeded_ic_v1,manual,qplite,2,0.499675,63000007,/tmp/m2_fixed_validation_mfjw0hdr/adapted_trial.csv,4176,manual_residual_sweep,balanced_1000_0_1000_12000,1000,0,1000,12000,0.7204521894454956,-0.004046496003866196,True,True,15.80390191078186,adaptive_brake,0.229926198720932,0.009209220539096862,8.457864761352539,1.533359550692061,0.32358587042165476,True,True,True,False,True,False,fixed_balanced1000,balanced_1000_0_1000_12000,1000,0,1000,12000,True,balanced_1000_0_1000_12000,1000,0,1000,12000,base_validator_plus_exact_manual_policy_checks
nominal_m2_fixed_candidate_counterfactual_v1,seeded_ic_v1,manual,qplite,2,0.499675,63000008,/tmp/m2_fixed_validation_4g473c94/adapted_trial.csv,4221,manual_residual_sweep,balanced_1000_0_1000_12000,1000,0,1000,12000,0.7210549712181091,-0.0035950366873294115,True,True,16.08403730392456,adaptive_brake,0.23800720274448395,0.009877918984187991,8.41409683227539,1.5351012687989805,0.31254543858893574,True,True,True,False,True,False,fixed_balanced1000,balanced_1000_0_1000_12000,1000,0,1000,12000,True,balanced_1000_0_1000_12000,1000,0,1000,12000,base_validator_plus_exact_manual_policy_checks
nominal_m2_fixed_candidate_counterfactual_v1,seeded_ic_v1,manual,qplite,2,0.499675,63000009,/tmp/m2_fixed_validation_cg9e5sif/adapted_trial.csv,4161,manual_residual_sweep,balanced_1000_0_1000_12000,1000,0,1000,12000,0.7082735300064087,-0.003907571546733379,True,True,15.625718593597412,adaptive_brake,0.24149082601070404,0.010367462510683777,8.391420364379883,1.5282570540488127,0.31079229476161546,True,True,True,False,True,False,fixed_balanced1000,balanced_1000_0_1000_12000,1000,0,1000,12000,True,balanced_1000_0_1000_12000,1000,0,1000,12000,base_validator_plus_exact_manual_policy_checks
nominal_m2_fixed_candidate_counterfactual_v1,seeded_ic_v1,manual,qplite,2,0.499675,63000010,/tmp/m2_fixed_validation_uyellx6c/adapted_trial.csv,4209,manual_residual_sweep,balanced_1000_0_1000_12000,1000,0,1000,12000,0.7177629470825195,-0.0036195088177919388,True,True,16.008826971054077,adaptive_brake,0.234231635928154,0.009123229814458254,8.380475044250488,1.5509374909778078,0.3316547554378939,True,True,True,False,True,False,fixed_balanced1000,balanced_1000_0_1000_12000,1000,0,1000,12000,True,balanced_1000_0_1000_12000,1000,0,1000,12000,base_validator_plus_exact_manual_policy_checks
nominal_m2_fixed_candidate_counterfactual_v1,seeded_ic_v1,manual,qplite,2,0.499675,63000011,/tmp/m2_fixed_validation_ftsjpozg/adapted_trial.csv,4185,manual_residual_sweep,balanced_1000_0_1000_12000,1000,0,1000,12000,0.7267014980316162,-0.0038591951597481966,True,True,15.845023393630981,adaptive_brake,0.2390277087688446,0.009855746881523976,8.434741020202637,1.5634194854376033,0.3168224405625195,True,True,True,False,True,False,fixed_balanced1000,balanced_1000_0_1000_12000,1000,0,1000,12000,True,balanced_1000_0_1000_12000,1000,0,1000,12000,base_validator_plus_exact_manual_policy_checks
nominal_m2_fixed_candidate_counterfactual_v1,seeded_ic_v1,manual,qplite,2,0.499675,63000012,/tmp/m2_fixed_validation_15u7o248/adapted_trial.csv,4191,manual_residual_sweep,balanced_1000_0_1000_12000,1000,0,1000,12000,0.6945512890815735,-0.0035199339035898447,True,True,15.8249192237854,adaptive_brake,0.23461711406707764,0.009707886360468262,8.356992721557617,1.527912645880911,0.3173459932907249,True,True,True,False,True,False,fixed_balanced1000,balanced_1000_0_1000_12000,1000,0,1000,12000,True,balanced_1000_0_1000_12000,1000,0,1000,12000,base_validator_plus_exact_manual_policy_checks
nominal_m2_fixed_candidate_counterfactual_v1,seeded_ic_v1,manual,qplite,2,0.499675,63000013,/tmp/m2_fixed_validation_637dw5_m/adapted_trial.csv,4194,manual_residual_sweep,balanced_1000_0_1000_12000,1000,0,1000,12000,0.7186570167541504,-0.0037223310209810734,True,True,16.04636240005493,landing_ramp,0.22446519136428833,0.008308297473968261,8.420769691467285,1.5282999086738023,0.3295999024301271,True,True,True,False,True,False,fixed_balanced1000,balanced_1000_0_1000_12000,1000,0,1000,12000,True,balanced_1000_0_1000_12000,1000,0,1000,12000,base_validator_plus_exact_manual_policy_checks
nominal_m2_fixed_candidate_counterfactual_v1,seeded_ic_v1,manual,qplite,2,0.499675,63000014,/tmp/m2_fixed_validation_yb7k0qrz/adapted_trial.csv,4191,manual_residual_sweep,balanced_1000_0_1000_12000,1000,0,1000,12000,0.7293503284454346,-0.003902343101799488,True,True,16.005113124847412,landing_ramp,0.23477481305599213,0.00896517630593647,8.441972732543945,1.5345936916741865,0.3300813542117604,True,True,True,False,True,False,fixed_balanced1000,balanced_1000_0_1000_12000,1000,0,1000,12000,True,balanced_1000_0_1000_12000,1000,0,1000,12000,base_validator_plus_exact_manual_policy_checks
nominal_m2_fixed_candidate_counterfactual_v1,seeded_ic_v1,manual,qplite,2,0.499675,63000015,/tmp/m2_fixed_validation_pun_mbz_/adapted_trial.csv,4227,manual_residual_sweep,balanced_1000_0_1000_12000,1000,0,1000,12000,0.7287243604660034,-0.003650610102340579,True,True,16.183057069778442,adaptive_brake,0.23778116703033447,0.009600819343139867,8.388524055480957,1.5113926437064613,0.31884425483336426,True,True,True,False,True,False,fixed_balanced1000,balanced_1000_0_1000_12000,1000,0,1000,12000,True,balanced_1000_0_1000_12000,1000,0,1000,12000,base_validator_plus_exact_manual_policy_checks
nominal_m2_fixed_candidate_counterfactual_v1,seeded_ic_v1,manual,qplite,2,0.499675,63000016,/tmp/m2_fixed_validation_szhskc4o/adapted_trial.csv,4188,manual_residual_sweep,balanced_1000_0_1000_12000,1000,0,1000,12000,0.7326058149337769,-0.004077596124261618,True,True,15.968083143234253,landing_ramp,0.23885846138000488,0.009708349718668161,8.353609085083008,1.5100291774744201,0.31564071334562727,True,True,True,False,True,False,fixed_balanced1000,balanced_1000_0_1000_12000,1000,0,1000,12000,True,balanced_1000_0_1000_12000,1000,0,1000,12000,base_validator_plus_exact_manual_policy_checks
nominal_m2_fixed_candidate_counterfactual_v1,seeded_ic_v1,manual,qplite,2,0.499675,63000017,/tmp/m2_fixed_validation_5v1r5d9v/adapted_trial.csv,4209,manual_residual_sweep,balanced_1000_0_1000_12000,1000,0,1000,12000,0.7067656517028809,-0.003968723118305206,True,True,15.983436584472656,adaptive_brake,0.23389270901679993,0.01002841198672193,8.402839660644531,1.5379116115899256,0.3098669555334279,True,True,True,False,True,False,fixed_balanced1000,balanced_1000_0_1000_12000,1000,0,1000,12000,True,balanced_1000_0_1000_12000,1000,0,1000,12000,base_validator_plus_exact_manual_policy_checks
nominal_m2_fixed_candidate_counterfactual_v1,seeded_ic_v1,manual,qplite,2,0.499675,63000018,/tmp/m2_fixed_validation_3h_r7u_f/adapted_trial.csv,4203,manual_residual_sweep,balanced_1000_0_1000_12000,1000,0,1000,12000,0.7261852622032166,-0.0037332680076360703,True,True,15.98443865776062,adaptive_brake,0.22705309092998505,0.008421895356720268,8.351729393005371,1.5357853884441246,0.3349762707526136,True,True,True,False,True,False,fixed_balanced1000,balanced_1000_0_1000_12000,1000,0,1000,12000,True,balanced_1000_0_1000_12000,1000,0,1000,12000,base_validator_plus_exact_manual_policy_checks
nominal_m2_fixed_candidate_counterfactual_v1,seeded_ic_v1,manual,qplite,2,0.499675,63000019,/tmp/m2_fixed_validation_vv83kpzc/adapted_trial.csv,4179,manual_residual_sweep,balanced_1000_0_1000_12000,1000,0,1000,12000,0.7306503057479858,-0.003986696247011423,True,True,15.803923606872559,adaptive_brake,0.2372797578573227,0.009349688514760151,8.428779602050781,1.5567679130138632,0.3276091441609858,True,True,True,False,True,False,fixed_balanced1000,balanced_1000_0_1000_12000,1000,0,1000,12000,True,balanced_1000_0_1000_12000,1000,0,1000,12000,base_validator_plus_exact_manual_policy_checks
nominal_m2_fixed_candidate_counterfactual_v1,seeded_ic_v1,manual,qplite,2,0.499675,63000020,/tmp/m2_fixed_validation_4iycgqix/adapted_trial.csv,4164,manual_residual_sweep,balanced_1000_0_1000_12000,1000,0,1000,12000,0.7011305093765259,-0.0040550874546170235,True,True,16.005316972732544,landing_ramp,0.2182256430387497,0.00902190382377607,8.454401969909668,1.4178136117990874,0.3410993614262202,True,True,True,True,True,True,fixed_balanced1000,balanced_1000_0_1000_12000,1000,0,1000,12000,True,balanced_1000_0_1000_12000,1000,0,1000,12000,base_validator_plus_exact_manual_policy_checks
nominal_m2_fixed_candidate_counterfactual_v1,seeded_ic_v1,manual,qplite,2,0.499675,63000021,/tmp/m2_fixed_validation_ennfw7u_/adapted_trial.csv,4203,manual_residual_sweep,balanced_1000_0_1000_12000,1000,0,1000,12000,0.7296574115753174,-0.0038120511453598738,True,True,15.944908380508423,adaptive_brake,0.24481485784053802,0.010241043343959975,8.389105796813965,1.5277595206738532,0.31764664762416095,True,True,True,False,True,False,fixed_balanced1000,balanced_1000_0_1000_12000,1000,0,1000,12000,True,balanced_1000_0_1000_12000,1000,0,1000,12000,base_validator_plus_exact_manual_policy_checks
nominal_m2_fixed_candidate_counterfactual_v1,seeded_ic_v1,manual,qplite,2,0.499675,63000022,/tmp/m2_fixed_validation_2a4ybp8a/adapted_trial.csv,4197,manual_residual_sweep,balanced_1000_0_1000_12000,1000,0,1000,12000,0.7251564860343933,-0.0038894829340279102,True,True,16.02696990966797,landing_ramp,0.23216529190540314,0.009266977452379234,8.393637657165527,1.520740870647653,0.31860662933688005,True,True,True,False,True,False,fixed_balanced1000,balanced_1000_0_1000_12000,1000,0,1000,12000,True,balanced_1000_0_1000_12000,1000,0,1000,12000,base_validator_plus_exact_manual_policy_checks
nominal_m2_fixed_candidate_counterfactual_v1,seeded_ic_v1,manual,qplite,2,0.499675,63000023,/tmp/m2_fixed_validation_hieatfx0/adapted_trial.csv,4191,manual_residual_sweep,balanced_1000_0_1000_12000,1000,0,1000,12000,0.7064958214759827,-0.00367792509496212,True,True,15.930247068405151,adaptive_brake,0.22148770093917847,0.008249712561302377,8.374256134033203,1.541470399828298,0.35239443682505117,True,True,True,False,True,False,fixed_balanced1000,balanced_1000_0_1000_12000,1000,0,1000,12000,True,balanced_1000_0_1000_12000,1000,0,1000,12000,base_validator_plus_exact_manual_policy_checks
nominal_m2_fixed_candidate_counterfactual_v1,seeded_ic_v1,manual,qplite,2,0.499675,63000024,/tmp/m2_fixed_validation_1eeccx4h/adapted_trial.csv,4221,manual_residual_sweep,balanced_1000_0_1000_12000,1000,0,1000,12000,0.7012853026390076,-0.003829748136922717,True,True,16.065004348754883,adaptive_brake,0.22950103878974915,0.009406501718856805,8.431463241577148,1.5612523035079255,0.3194859183961819,True,True,True,False,True,False,fixed_balanced1000,balanced_1000_0_1000_12000,1000,0,1000,12000,True,balanced_1000_0_1000_12000,1000,0,1000,12000,base_validator_plus_exact_manual_policy_checks
nominal_m2_fixed_candidate_counterfactual_v1,seeded_ic_v1,manual,qplite,2,0.499675,63000025,/tmp/m2_fixed_validation_9h6rb64w/adapted_trial.csv,4230,manual_residual_sweep,balanced_1000_0_1000_12000,1000,0,1000,12000,0.6946519613265991,-0.003714905120432377,True,True,16.32476830482483,landing_ramp,0.22755113244056702,0.010924945019653597,8.430830955505371,1.5277645263257227,0.30293898838025896,True,True,True,False,True,False,fixed_balanced1000,balanced_1000_0_1000_12000,1000,0,1000,12000,True,balanced_1000_0_1000_12000,1000,0,1000,12000,base_validator_plus_exact_manual_policy_checks
nominal_m2_fixed_candidate_counterfactual_v1,seeded_ic_v1,manual,qplite,2,0.499675,63000026,/tmp/m2_fixed_validation_j7pljqtp/adapted_trial.csv,4158,manual_residual_sweep,balanced_1000_0_1000_12000,1000,0,1000,12000,0.6948471665382385,-0.0038321514148265123,True,True,15.713112592697144,adaptive_brake,0.22338233888149261,0.009647682404185044,8.38249683380127,1.5245516069212692,0.3145228294401122,True,True,True,False,True,False,fixed_balanced1000,balanced_1000_0_1000_12000,1000,0,1000,12000,True,balanced_1000_0_1000_12000,1000,0,1000,12000,base_validator_plus_exact_manual_policy_checks
nominal_m2_fixed_candidate_counterfactual_v1,seeded_ic_v1,manual,qplite,2,0.499675,63000027,/tmp/m2_fixed_validation_si5x57s2/adapted_trial.csv,4221,manual_residual_sweep,balanced_1000_0_1000_12000,1000,0,1000,12000,0.718585729598999,-0.003716557053849101,True,True,16.206888675689697,landing_ramp,0.2146608978509903,0.007658168112323028,8.384799003601074,1.5575091020360863,0.3366115331675117,True,True,True,False,True,False,fixed_balanced1000,balanced_1000_0_1000_12000,1000,0,1000,12000,True,balanced_1000_0_1000_12000,1000,0,1000,12000,base_validator_plus_exact_manual_policy_checks
nominal_m2_fixed_candidate_counterfactual_v1,seeded_ic_v1,manual,qplite,2,0.499675,63000028,/tmp/m2_fixed_validation_hlus3ff1/adapted_trial.csv,4164,manual_residual_sweep,balanced_1000_0_1000_12000,1000,0,1000,12000,0.7219006419181824,-0.004398318473249674,True,True,15.7278311252594,adaptive_brake,0.2347424328327179,0.010099591887832177,8.421182632446289,1.5179818883213054,0.3113680848730927,True,True,True,False,True,False,fixed_balanced1000,balanced_1000_0_1000_12000,1000,0,1000,12000,True,balanced_1000_0_1000_12000,1000,0,1000,12000,base_validator_plus_exact_manual_policy_checks
nominal_m2_fixed_candidate_counterfactual_v1,seeded_ic_v1,manual,qplite,2,0.499675,63000029,/tmp/m2_fixed_validation__xhh0ca3/adapted_trial.csv,4212,manual_residual_sweep,balanced_1000_0_1000_12000,1000,0,1000,12000,0.7057631015777588,-0.003990061115473509,True,True,16.025923013687134,adaptive_brake,0.23723140358924866,0.010544326783299956,8.41205883026123,1.5479243193211862,0.3035220555774011,True,True,True,False,True,False,fixed_balanced1000,balanced_1000_0_1000_12000,1000,0,1000,12000,True,balanced_1000_0_1000_12000,1000,0,1000,12000,base_validator_plus_exact_manual_policy_checks
nominal_m2_fixed_candidate_counterfactual_v1,seeded_ic_v1,manual,qplite,2,0.499675,63000030,/tmp/m2_fixed_validation_c6g4w6ol/adapted_trial.csv,4206,manual_residual_sweep,balanced_1000_0_1000_12000,1000,0,1000,12000,0.7157704830169678,-0.0038527462165802717,True,True,16.005648136138916,adaptive_brake,0.22850260138511658,0.009004913506899987,8.439221382141113,1.548855447150757,0.3235535823858316,True,True,True,False,True,False,fixed_balanced1000,balanced_1000_0_1000_12000,1000,0,1000,12000,True,balanced_1000_0_1000_12000,1000,0,1000,12000,base_validator_plus_exact_manual_policy_checks
nominal_m2_fixed_candidate_counterfactual_v1,seeded_ic_v1,manual,qplite,2,0.499675,63000001,/tmp/m2_fixed_validation_s4_w26nt/adapted_trial.csv,4179,manual_residual_sweep,opp_m4_11000,0,0,0,11000,0.7231451272964478,-0.003993999678641558,True,True,15.543147563934326,adaptive_brake,0.23341085016727448,0.010503238525037104,8.273292541503906,1.4845760253620985,0.2872653716024993,True,True,True,True,True,True,fixed_opp_m4_11000,opp_m4_11000,0,0,0,11000,True,opp_m4_11000,0,0,0,11000,base_validator_plus_exact_manual_policy_checks
nominal_m2_fixed_candidate_counterfactual_v1,seeded_ic_v1,manual,qplite,2,0.499675,63000002,/tmp/m2_fixed_validation_ljz0dawc/adapted_trial.csv,4206,manual_residual_sweep,opp_m4_11000,0,0,0,11000,0.7324017286300659,-0.0038556538056582212,True,True,16.025869607925415,adaptive_brake,0.21103370189666748,0.008791330885187298,8.192790031433105,1.4767082842865582,0.28946634300392887,True,True,True,True,True,True,fixed_opp_m4_11000,opp_m4_11000,0,0,0,11000,True,opp_m4_11000,0,0,0,11000,base_validator_plus_exact_manual_policy_checks
nominal_m2_fixed_candidate_counterfactual_v1,seeded_ic_v1,manual,qplite,2,0.499675,63000003,/tmp/m2_fixed_validation_tqyb1rxf/adapted_trial.csv,4215,manual_residual_sweep,opp_m4_11000,0,0,0,11000,0.7259947657585144,-0.004045233130455017,True,True,16.024094820022583,adaptive_brake,0.21979734301567078,0.009104379866524317,8.224364280700684,1.4851962548223376,0.29097534959683474,True,True,True,True,True,True,fixed_opp_m4_11000,opp_m4_11000,0,0,0,11000,True,opp_m4_11000,0,0,0,11000,base_validator_plus_exact_manual_policy_checks
nominal_m2_fixed_candidate_counterfactual_v1,seeded_ic_v1,manual,qplite,2,0.499675,63000004,/tmp/m2_fixed_validation_acqd5vfy/adapted_trial.csv,4173,manual_residual_sweep,opp_m4_11000,0,0,0,11000,0.695469319820404,-0.003661686321720481,True,True,15.592163562774658,adaptive_brake,0.22051632404327393,0.009886122410022267,8.227215766906738,1.4936240476155442,0.2882944606144051,True,True,True,True,True,True,fixed_opp_m4_11000,opp_m4_11000,0,0,0,11000,True,opp_m4_11000,0,0,0,11000,base_validator_plus_exact_manual_policy_checks
nominal_m2_fixed_candidate_counterfactual_v1,seeded_ic_v1,manual,qplite,2,0.499675,63000005,/tmp/m2_fixed_validation_vdslw96f/adapted_trial.csv,4209,manual_residual_sweep,opp_m4_11000,0,0,0,11000,0.7264528870582581,-0.0039582583121955395,True,True,16.12389302253723,landing_ramp,0.21227183938026428,0.008868207685653134,8.193830490112305,1.4793159219989995,0.2905053160024766,True,True,True,True,True,True,fixed_opp_m4_11000,opp_m4_11000,0,0,0,11000,True,opp_m4_11000,0,0,0,11000,base_validator_plus_exact_manual_policy_checks
nominal_m2_fixed_candidate_counterfactual_v1,seeded_ic_v1,manual,qplite,2,0.499675,63000006,/tmp/m2_fixed_validation_6npx7k91/adapted_trial.csv,4205,manual_residual_sweep,opp_m4_11000,0,0,0,11000,0.7332717180252075,-0.0038282987661659718,True,True,16.48610830307007,landing_ramp,0.19774644076824188,0.008293861711323458,8.203402519226074,1.447457611700424,0.3047933369519822,True,True,True,True,True,True,fixed_opp_m4_11000,opp_m4_11000,0,0,0,11000,True,opp_m4_11000,0,0,0,11000,base_validator_plus_exact_manual_policy_checks
nominal_m2_fixed_candidate_counterfactual_v1,seeded_ic_v1,manual,qplite,2,0.499675,63000007,/tmp/m2_fixed_validation_9ieht433/adapted_trial.csv,4176,manual_residual_sweep,opp_m4_11000,0,0,0,11000,0.7204505205154419,-0.004158081486821175,True,True,16.16316246986389,landing_ramp,0.20300647616386414,0.008388338547014021,8.203084945678711,1.4908946438650945,0.3088737517489101,True,True,True,True,True,True,fixed_opp_m4_11000,opp_m4_11000,0,0,0,11000,True,opp_m4_11000,0,0,0,11000,base_validator_plus_exact_manual_policy_checks
nominal_m2_fixed_candidate_counterfactual_v1,seeded_ic_v1,manual,qplite,2,0.499675,63000008,/tmp/m2_fixed_validation_nbfkvc0u/adapted_trial.csv,4218,manual_residual_sweep,opp_m4_11000,0,0,0,11000,0.7211146950721741,-0.003790471004322171,True,True,16.10933566093445,adaptive_brake,0.22007149457931519,0.008700103146180412,8.214988708496094,1.4873013345084902,0.29833022346754734,True,True,True,True,True,True,fixed_opp_m4_11000,opp_m4_11000,0,0,0,11000,True,opp_m4_11000,0,0,0,11000,base_validator_plus_exact_manual_policy_checks
nominal_m2_fixed_candidate_counterfactual_v1,seeded_ic_v1,manual,qplite,2,0.499675,63000009,/tmp/m2_fixed_validation_cjca12lc/adapted_trial.csv,4161,manual_residual_sweep,opp_m4_11000,0,0,0,11000,0.7081683874130249,-0.004142715595662594,True,True,15.325406789779663,adaptive_brake,0.22143861651420593,0.010406528322101595,8.161898612976074,1.4674448558522877,0.28006314195539495,True,True,True,True,True,True,fixed_opp_m4_11000,opp_m4_11000,0,0,0,11000,True,opp_m4_11000,0,0,0,11000,base_validator_plus_exact_manual_policy_checks
nominal_m2_fixed_candidate_counterfactual_v1,seeded_ic_v1,manual,qplite,2,0.499675,63000010,/tmp/m2_fixed_validation__hf_vrjw/adapted_trial.csv,4210,manual_residual_sweep,opp_m4_11000,0,0,0,11000,0.7177194356918335,-0.003851381130516529,True,True,16.006629705429077,adaptive_brake,0.21093407273292542,0.00954608125252651,8.182380676269531,1.463802117968619,0.27996346191424865,True,True,True,True,True,True,fixed_opp_m4_11000,opp_m4_11000,0,0,0,11000,True,opp_m4_11000,0,0,0,11000,base_validator_plus_exact_manual_policy_checks
nominal_m2_fixed_candidate_counterfactual_v1,seeded_ic_v1,manual,qplite,2,0.499675,63000011,/tmp/m2_fixed_validation_nqe7ylok/adapted_trial.csv,4185,manual_residual_sweep,opp_m4_11000,0,0,0,11000,0.7267255187034607,-0.0037800294812768698,True,True,16.047194719314575,landing_ramp,0.21246172487735748,0.00928640889829771,8.198853492736816,1.4794719999196666,0.28778961675743264,True,True,True,True,True,True,fixed_opp_m4_11000,opp_m4_11000,0,0,0,11000,True,opp_m4_11000,0,0,0,11000,base_validator_plus_exact_manual_policy_checks
nominal_m2_fixed_candidate_counterfactual_v1,seeded_ic_v1,manual,qplite,2,0.499675,63000012,/tmp/m2_fixed_validation_7nn0v9_m/adapted_trial.csv,4191,manual_residual_sweep,opp_m4_11000,0,0,0,11000,0.6945538520812988,-0.0035435406025499105,True,True,16.247207164764404,landing_ramp,0.19998182356357574,0.007601239719519992,8.238160133361816,1.464648440646092,0.32217130313093256,True,True,True,True,True,True,fixed_opp_m4_11000,opp_m4_11000,0,0,0,11000,True,opp_m4_11000,0,0,0,11000,base_validator_plus_exact_manual_policy_checks
nominal_m2_fixed_candidate_counterfactual_v1,seeded_ic_v1,manual,qplite,2,0.499675,63000013,/tmp/m2_fixed_validation_62p3s8jn/adapted_trial.csv,4197,manual_residual_sweep,opp_m4_11000,0,0,0,11000,0.7186463475227356,-0.004139773081988096,True,True,15.52418851852417,adaptive_brake,0.23516778647899628,0.011104219024933793,8.192734718322754,1.4597750941400136,0.28072977068619515,True,True,True,True,True,True,fixed_opp_m4_11000,opp_m4_11000,0,0,0,11000,True,opp_m4_11000,0,0,0,11000,base_validator_plus_exact_manual_policy_checks
nominal_m2_fixed_candidate_counterfactual_v1,seeded_ic_v1,manual,qplite,2,0.499675,63000014,/tmp/m2_fixed_validation_3npkn6jp/adapted_trial.csv,4191,manual_residual_sweep,opp_m4_11000,0,0,0,11000,0.7293234467506409,-0.003944055177271366,True,True,16.104206085205078,landing_ramp,0.2059880793094635,0.008605565336538721,8.184611320495605,1.477016765543993,0.2948479119343886,True,True,True,True,True,True,fixed_opp_m4_11000,opp_m4_11000,0,0,0,11000,True,opp_m4_11000,0,0,0,11000,base_validator_plus_exact_manual_policy_checks
nominal_m2_fixed_candidate_counterfactual_v1,seeded_ic_v1,manual,qplite,2,0.499675,63000015,/tmp/m2_fixed_validation_1b2k4u4x/adapted_trial.csv,4227,manual_residual_sweep,opp_m4_11000,0,0,0,11000,0.7287304997444153,-0.003853981848806143,True,True,16.66412854194641,landing_ramp,0.20268486440181732,0.00817136143759833,8.201764106750488,1.4920383935600225,0.3144320002956143,True,True,True,True,True,True,fixed_opp_m4_11000,opp_m4_11000,0,0,0,11000,True,opp_m4_11000,0,0,0,11000,base_validator_plus_exact_manual_policy_checks
nominal_m2_fixed_candidate_counterfactual_v1,seeded_ic_v1,manual,qplite,2,0.499675,63000016,/tmp/m2_fixed_validation_fcm_8r58/adapted_trial.csv,4188,manual_residual_sweep,opp_m4_11000,0,0,0,11000,0.7324035167694092,-0.004109172150492668,True,True,16.624247312545776,landing_ramp,0.18510332703590393,0.008259182808549356,8.201863288879395,1.5052704994492763,0.29719710055655457,True,True,True,False,True,False,fixed_opp_m4_11000,opp_m4_11000,0,0,0,11000,True,opp_m4_11000,0,0,0,11000,base_validator_plus_exact_manual_policy_checks
nominal_m2_fixed_candidate_counterfactual_v1,seeded_ic_v1,manual,qplite,2,0.499675,63000017,/tmp/m2_fixed_validation_k8v5r4zi/adapted_trial.csv,4209,manual_residual_sweep,opp_m4_11000,0,0,0,11000,0.7068078517913818,-0.003670348785817623,True,True,16.072766542434692,adaptive_brake,0.2058730125427246,0.008658329998493204,8.215837478637695,1.4935637509788025,0.28933305735180104,True,True,True,True,True,True,fixed_opp_m4_11000,opp_m4_11000,0,0,0,11000,True,opp_m4_11000,0,0,0,11000,base_validator_plus_exact_manual_policy_checks
nominal_m2_fixed_candidate_counterfactual_v1,seeded_ic_v1,manual,qplite,2,0.499675,63000018,/tmp/m2_fixed_validation_ujyjvllo/adapted_trial.csv,4203,manual_residual_sweep,opp_m4_11000,0,0,0,11000,0.7261987328529358,-0.0037084678187966347,True,True,16.226766347885132,landing_ramp,0.20607209205627441,0.00868331440476704,8.191408157348633,1.5082977056252849,0.2913326660186918,True,True,True,False,True,False,fixed_opp_m4_11000,opp_m4_11000,0,0,0,11000,True,opp_m4_11000,0,0,0,11000,base_validator_plus_exact_manual_policy_checks
nominal_m2_fixed_candidate_counterfactual_v1,seeded_ic_v1,manual,qplite,2,0.499675,63000019,/tmp/m2_fixed_validation_jyt66r3u/adapted_trial.csv,4179,manual_residual_sweep,opp_m4_11000,0,0,0,11000,0.7307655215263367,-0.003900556592270732,True,True,16.026172637939453,landing_ramp,0.21440447866916656,0.00866424250135459,8.205950736999512,1.5216598631294327,0.293568772033729,True,True,True,False,True,False,fixed_opp_m4_11000,opp_m4_11000,0,0,0,11000,True,opp_m4_11000,0,0,0,11000,base_validator_plus_exact_manual_policy_checks
nominal_m2_fixed_candidate_counterfactual_v1,seeded_ic_v1,manual,qplite,2,0.499675,63000020,/tmp/m2_fixed_validation_jn5oz4bg/adapted_trial.csv,4161,manual_residual_sweep,opp_m4_11000,0,0,0,11000,0.7011573910713196,-0.0037760299164801836,True,True,15.704000234603882,adaptive_brake,0.21015343070030212,0.008793489568418581,8.200133323669434,1.475886671820042,0.2912435761097461,True,True,True,True,True,True,fixed_opp_m4_11000,opp_m4_11000,0,0,0,11000,True,opp_m4_11000,0,0,0,11000,base_validator_plus_exact_manual_policy_checks
nominal_m2_fixed_candidate_counterfactual_v1,seeded_ic_v1,manual,qplite,2,0.499675,63000021,/tmp/m2_fixed_validation_6lvwh88l/adapted_trial.csv,4203,manual_residual_sweep,opp_m4_11000,0,0,0,11000,0.7297731041908264,-0.003780617844313383,True,True,16.40527105331421,landing_ramp,0.20451147854328156,0.008706234049988534,8.161028861999512,1.4848058959237809,0.30360333325096406,True,True,True,True,True,True,fixed_opp_m4_11000,opp_m4_11000,0,0,0,11000,True,opp_m4_11000,0,0,0,11000,base_validator_plus_exact_manual_policy_checks
nominal_m2_fixed_candidate_counterfactual_v1,seeded_ic_v1,manual,qplite,2,0.499675,63000022,/tmp/m2_fixed_validation_agoy6iw_/adapted_trial.csv,4200,manual_residual_sweep,opp_m4_11000,0,0,0,11000,0.7251695990562439,-0.0038828938268125057,True,True,16.164445161819458,landing_ramp,0.20392878353595734,0.007960983424867866,8.197565078735352,1.4598630578283658,0.3036477564834823,True,True,True,True,True,True,fixed_opp_m4_11000,opp_m4_11000,0,0,0,11000,True,opp_m4_11000,0,0,0,11000,base_validator_plus_exact_manual_policy_checks
nominal_m2_fixed_candidate_counterfactual_v1,seeded_ic_v1,manual,qplite,2,0.499675,63000023,/tmp/m2_fixed_validation_tzlktgyo/adapted_trial.csv,4194,manual_residual_sweep,opp_m4_11000,0,0,0,11000,0.7065935134887695,-0.0038523231633007526,True,True,15.272165775299072,adaptive_brake,0.2317465990781784,0.010234880791784551,8.185564994812012,1.3855952133285223,0.28687996421846446,True,True,True,True,True,True,fixed_opp_m4_11000,opp_m4_11000,0,0,0,11000,True,opp_m4_11000,0,0,0,11000,base_validator_plus_exact_manual_policy_checks
nominal_m2_fixed_candidate_counterfactual_v1,seeded_ic_v1,manual,qplite,2,0.499675,63000024,/tmp/m2_fixed_validation_bvy264k_/adapted_trial.csv,4218,manual_residual_sweep,opp_m4_11000,0,0,0,11000,0.7012548446655273,-0.0038533243350684643,True,True,16.953777551651,landing_ramp,0.15471480786800385,0.006947548836698629,8.180472373962402,1.4787391943503623,0.4330395335192752,True,True,True,True,True,True,fixed_opp_m4_11000,opp_m4_11000,0,0,0,11000,True,opp_m4_11000,0,0,0,11000,base_validator_plus_exact_manual_policy_checks
nominal_m2_fixed_candidate_counterfactual_v1,seeded_ic_v1,manual,qplite,2,0.499675,63000025,/tmp/m2_fixed_validation_jtbt9yox/adapted_trial.csv,4227,manual_residual_sweep,opp_m4_11000,0,0,0,11000,0.6947089433670044,-0.0037535454612225294,True,True,16.228193521499634,landing_ramp,0.20622290670871735,0.009203246492703035,8.210173606872559,1.4793515285441856,0.28490418247687943,True,True,True,True,True,True,fixed_opp_m4_11000,opp_m4_11000,0,0,0,11000,True,opp_m4_11000,0,0,0,11000,base_validator_plus_exact_manual_policy_checks
nominal_m2_fixed_candidate_counterfactual_v1,seeded_ic_v1,manual,qplite,2,0.499675,63000026,/tmp/m2_fixed_validation_b0pnoqiy/adapted_trial.csv,4164,manual_residual_sweep,opp_m4_11000,0,0,0,11000,0.6947687864303589,-0.003872225759550929,True,True,15.76899242401123,adaptive_brake,0.19667617976665497,0.008348699519815721,8.19061279296875,1.4626276863699823,0.2892131689952099,True,True,True,True,True,True,fixed_opp_m4_11000,opp_m4_11000,0,0,0,11000,True,opp_m4_11000,0,0,0,11000,base_validator_plus_exact_manual_policy_checks
nominal_m2_fixed_candidate_counterfactual_v1,seeded_ic_v1,manual,qplite,2,0.499675,63000027,/tmp/m2_fixed_validation_8n5nhrvj/adapted_trial.csv,4221,manual_residual_sweep,opp_m4_11000,0,0,0,11000,0.7184541821479797,-0.003849838161841035,True,True,16.085843086242676,adaptive_brake,0.21858826279640198,0.009139474825353933,8.189282417297363,1.4944558962993637,0.28865442902651184,True,True,True,True,True,True,fixed_opp_m4_11000,opp_m4_11000,0,0,0,11000,True,opp_m4_11000,0,0,0,11000,base_validator_plus_exact_manual_policy_checks
nominal_m2_fixed_candidate_counterfactual_v1,seeded_ic_v1,manual,qplite,2,0.499675,63000028,/tmp/m2_fixed_validation_ngg1r5a_/adapted_trial.csv,4164,manual_residual_sweep,opp_m4_11000,0,0,0,11000,0.7220458388328552,-0.0039674765430390835,True,True,15.863625764846802,landing_ramp,0.20559121668338776,0.007909749796376292,8.189136505126953,1.4860201614093929,0.30212464760959185,True,True,True,True,True,True,fixed_opp_m4_11000,opp_m4_11000,0,0,0,11000,True,opp_m4_11000,0,0,0,11000,base_validator_plus_exact_manual_policy_checks
nominal_m2_fixed_candidate_counterfactual_v1,seeded_ic_v1,manual,qplite,2,0.499675,63000029,/tmp/m2_fixed_validation_algoi249/adapted_trial.csv,4212,manual_residual_sweep,opp_m4_11000,0,0,0,11000,0.7058926224708557,-0.0039520710706710815,True,True,16.610713005065918,landing_ramp,0.18793125450611115,0.008084301039426653,8.157598495483398,1.469167167772896,0.3087243661302277,True,True,True,True,True,True,fixed_opp_m4_11000,opp_m4_11000,0,0,0,11000,True,opp_m4_11000,0,0,0,11000,base_validator_plus_exact_manual_policy_checks
nominal_m2_fixed_candidate_counterfactual_v1,seeded_ic_v1,manual,qplite,2,0.499675,63000030,/tmp/m2_fixed_validation_pazavzyn/adapted_trial.csv,4206,manual_residual_sweep,opp_m4_11000,0,0,0,11000,0.7157341837882996,-0.0036706500686705112,True,True,15.425433874130249,adaptive_brake,0.24386444687843323,0.011454132294306044,8.240472793579102,1.4982894060468908,0.277307922387308,True,True,True,True,True,True,fixed_opp_m4_11000,opp_m4_11000,0,0,0,11000,True,opp_m4_11000,0,0,0,11000,base_validator_plus_exact_manual_policy_checks
nominal_m2_fixed_candidate_counterfactual_v1,seeded_ic_v1,manual,qplite,2,0.499675,63000001,/tmp/m2_fixed_validation_7iagmvge/adapted_trial.csv,4179,manual_residual_sweep,opp_m4_10000,0,0,0,10000,0.7230446934700012,-0.0038577301893383265,True,True,15.164079427719116,adaptive_brake,0.2145688235759735,0.008523371014482336,8.024828910827637,1.4135804645363723,0.26066756729730317,True,True,True,True,True,True,fixed_opp_m4_10000,opp_m4_10000,0,0,0,10000,True,opp_m4_10000,0,0,0,10000,base_validator_plus_exact_manual_policy_checks
nominal_m2_fixed_candidate_counterfactual_v1,seeded_ic_v1,manual,qplite,2,0.499675,63000002,/tmp/m2_fixed_validation_70r03d64/adapted_trial.csv,4203,manual_residual_sweep,opp_m4_10000,0,0,0,10000,0.732510507106781,-0.004097238648682833,True,True,15.296946048736572,adaptive_brake,0.2223239690065384,0.009228079762789809,8.006309509277344,1.4573086277447203,0.25707547851752377,True,True,True,True,True,True,fixed_opp_m4_10000,opp_m4_10000,0,0,0,10000,True,opp_m4_10000,0,0,0,10000,base_validator_plus_exact_manual_policy_checks
nominal_m2_fixed_candidate_counterfactual_v1,seeded_ic_v1,manual,qplite,2,0.499675,63000003,/tmp/m2_fixed_validation_y5raqxh7/adapted_trial.csv,4215,manual_residual_sweep,opp_m4_10000,0,0,0,10000,0.7260721325874329,-0.0037432294338941574,True,True,15.925154447555542,adaptive_brake,0.19339168071746826,0.006906084762844622,7.996626377105713,1.45674103862832,0.27759514408875985,True,True,True,True,True,True,fixed_opp_m4_10000,opp_m4_10000,0,0,0,10000,True,opp_m4_10000,0,0,0,10000,base_validator_plus_exact_manual_policy_checks
nominal_m2_fixed_candidate_counterfactual_v1,seeded_ic_v1,manual,qplite,2,0.499675,63000004,/tmp/m2_fixed_validation_fb1atmbg/adapted_trial.csv,4173,manual_residual_sweep,opp_m4_10000,0,0,0,10000,0.6953967213630676,-0.003917485475540161,True,True,15.050148725509644,adaptive_brake,0.20777738094329834,0.009757230862747197,8.017206192016602,1.454725692341727,0.24536953713814116,True,True,True,True,True,True,fixed_opp_m4_10000,opp_m4_10000,0,0,0,10000,True,opp_m4_10000,0,0,0,10000,base_validator_plus_exact_manual_policy_checks
nominal_m2_fixed_candidate_counterfactual_v1,seeded_ic_v1,manual,qplite,2,0.499675,63000005,/tmp/m2_fixed_validation_y0lgos3y/adapted_trial.csv,4209,manual_residual_sweep,opp_m4_10000,0,0,0,10000,0.7265356183052063,-0.0040880306623876095,True,True,15.66767144203186,adaptive_brake,0.2069382220506668,0.009315086254516474,7.980678081512451,1.4546066709880734,0.2593091894565343,True,True,True,True,True,True,fixed_opp_m4_10000,opp_m4_10000,0,0,0,10000,True,opp_m4_10000,0,0,0,10000,base_validator_plus_exact_manual_policy_checks
nominal_m2_fixed_candidate_counterfactual_v1,seeded_ic_v1,manual,qplite,2,0.499675,63000006,/tmp/m2_fixed_validation_kdgvuwpd/adapted_trial.csv,4203,manual_residual_sweep,opp_m4_10000,0,0,0,10000,0.7335894703865051,-0.004111867863684893,True,True,15.83603572845459,adaptive_brake,0.20063376426696777,0.007128266460223169,8.026877403259277,1.4255899461402721,0.27690174648624805,True,True,True,True,True,True,fixed_opp_m4_10000,opp_m4_10000,0,0,0,10000,True,opp_m4_10000,0,0,0,10000,base_validator_plus_exact_manual_policy_checks
nominal_m2_fixed_candidate_counterfactual_v1,seeded_ic_v1,manual,qplite,2,0.499675,63000007,/tmp/m2_fixed_validation_oqnaxg_6/adapted_trial.csv,4176,manual_residual_sweep,opp_m4_10000,0,0,0,10000,0.7204930186271667,-0.004208442289382219,True,True,15.288318395614624,adaptive_brake,0.2083413153886795,0.00896162778951783,7.968379974365234,1.4535689945047894,0.26144843763196624,True,True,True,True,True,True,fixed_opp_m4_10000,opp_m4_10000,0,0,0,10000,True,opp_m4_10000,0,0,0,10000,base_validator_plus_exact_manual_policy_checks
nominal_m2_fixed_candidate_counterfactual_v1,seeded_ic_v1,manual,qplite,2,0.499675,63000008,/tmp/m2_fixed_validation_8hyeoexo/adapted_trial.csv,4218,manual_residual_sweep,opp_m4_10000,0,0,0,10000,0.7210972309112549,-0.0037575727328658104,True,True,15.530323505401611,adaptive_brake,0.21353286504745483,0.009261434650654932,8.03368091583252,1.4301085852932498,0.2603267703218362,True,True,True,True,True,True,fixed_opp_m4_10000,opp_m4_10000,0,0,0,10000,True,opp_m4_10000,0,0,0,10000,base_validator_plus_exact_manual_policy_checks
nominal_m2_fixed_candidate_counterfactual_v1,seeded_ic_v1,manual,qplite,2,0.499675,63000009,/tmp/m2_fixed_validation_2shnk6k0/adapted_trial.csv,4159,manual_residual_sweep,opp_m4_10000,0,0,0,10000,0.7083204388618469,-0.0038208949845284224,True,True,15.169580936431885,adaptive_brake,0.20713211596012115,0.008620614550055264,8.03809642791748,1.440158721278515,0.26492449983337507,True,True,True,True,True,True,fixed_opp_m4_10000,opp_m4_10000,0,0,0,10000,True,opp_m4_10000,0,0,0,10000,base_validator_plus_exact_manual_policy_checks
nominal_m2_fixed_candidate_counterfactual_v1,seeded_ic_v1,manual,qplite,2,0.499675,63000010,/tmp/m2_fixed_validation_19fum0_0/adapted_trial.csv,4209,manual_residual_sweep,opp_m4_10000,0,0,0,10000,0.7175888419151306,-0.003955881576985121,True,True,15.449814796447754,adaptive_brake,0.21365253627300262,0.00929102918474663,7.959782600402832,1.4471409331671985,0.2574510754243407,True,True,True,True,True,True,fixed_opp_m4_10000,opp_m4_10000,0,0,0,10000,True,opp_m4_10000,0,0,0,10000,base_validator_plus_exact_manual_policy_checks
nominal_m2_fixed_candidate_counterfactual_v1,seeded_ic_v1,manual,qplite,2,0.499675,63000011,/tmp/m2_fixed_validation_ulhny412/adapted_trial.csv,4185,manual_residual_sweep,opp_m4_10000,0,0,0,10000,0.7266996502876282,-0.004113541916012764,True,True,15.50873875617981,adaptive_brake,0.20558691024780273,0.008344248612183214,7.96144437789917,1.437107780452872,0.26614551982348933,True,True,True,True,True,True,fixed_opp_m4_10000,opp_m4_10000,0,0,0,10000,True,opp_m4_10000,0,0,0,10000,base_validator_plus_exact_manual_policy_checks
nominal_m2_fixed_candidate_counterfactual_v1,seeded_ic_v1,manual,qplite,2,0.499675,63000012,/tmp/m2_fixed_validation_6id7gbt6/adapted_trial.csv,4191,manual_residual_sweep,opp_m4_10000,0,0,0,10000,0.6944606900215149,-0.003623399417847395,True,True,15.870593547821045,adaptive_brake,0.17761476337909698,0.006338825041450419,7.996280670166016,1.4464998594338458,0.27448000189814914,True,True,True,True,True,True,fixed_opp_m4_10000,opp_m4_10000,0,0,0,10000,True,opp_m4_10000,0,0,0,10000,base_validator_plus_exact_manual_policy_checks
nominal_m2_fixed_candidate_counterfactual_v1,seeded_ic_v1,manual,qplite,2,0.499675,63000013,/tmp/m2_fixed_validation_p5s1kmnb/adapted_trial.csv,4197,manual_residual_sweep,opp_m4_10000,0,0,0,10000,0.718661904335022,-0.003829073393717408,True,True,15.124929904937744,adaptive_brake,0.23076170682907104,0.009640457383279517,8.003402709960938,1.4190944037749544,0.2538365794095298,True,True,True,True,True,True,fixed_opp_m4_10000,opp_m4_10000,0,0,0,10000,True,opp_m4_10000,0,0,0,10000,base_validator_plus_exact_manual_policy_checks
nominal_m2_fixed_candidate_counterfactual_v1,seeded_ic_v1,manual,qplite,2,0.499675,63000014,/tmp/m2_fixed_validation_y4j9rmb8/adapted_trial.csv,4179,manual_residual_sweep,opp_m4_10000,0,0,0,10000,0.7293465733528137,-0.003922356758266687,True,True,15.326615333557129,adaptive_brake,0.2196400761604309,0.009141066945303769,8.061305046081543,1.4170568623866049,0.2633231032117904,True,True,True,True,True,True,fixed_opp_m4_10000,opp_m4_10000,0,0,0,10000,True,opp_m4_10000,0,0,0,10000,base_validator_plus_exact_manual_policy_checks
nominal_m2_fixed_candidate_counterfactual_v1,seeded_ic_v1,manual,qplite,2,0.499675,63000015,/tmp/m2_fixed_validation_c6c7c9is/adapted_trial.csv,4224,manual_residual_sweep,opp_m4_10000,0,0,0,10000,0.7286800742149353,-0.003588493447750807,True,True,16.201980590820312,adaptive_brake,0.20442704856395721,0.00645231630366603,8.013322830200195,1.4357074354766781,0.30036415805471045,True,True,True,True,True,True,fixed_opp_m4_10000,opp_m4_10000,0,0,0,10000,True,opp_m4_10000,0,0,0,10000,base_validator_plus_exact_manual_policy_checks
nominal_m2_fixed_candidate_counterfactual_v1,seeded_ic_v1,manual,qplite,2,0.499675,63000016,/tmp/m2_fixed_validation_y3dma4q2/adapted_trial.csv,4188,manual_residual_sweep,opp_m4_10000,0,0,0,10000,0.7326547503471375,-0.004135710187256336,True,True,15.104915380477905,adaptive_brake,0.2260749787092209,0.009112924649049227,7.972663402557373,1.4538856393880857,0.2572237205544418,True,True,True,True,True,True,fixed_opp_m4_10000,opp_m4_10000,0,0,0,10000,True,opp_m4_10000,0,0,0,10000,base_validator_plus_exact_manual_policy_checks
nominal_m2_fixed_candidate_counterfactual_v1,seeded_ic_v1,manual,qplite,2,0.499675,63000017,/tmp/m2_fixed_validation_nzwaah_r/adapted_trial.csv,4209,manual_residual_sweep,opp_m4_10000,0,0,0,10000,0.7068643569946289,-0.003645150689408183,True,True,15.385606527328491,adaptive_brake,0.20801644027233124,0.008587360814837134,7.974518775939941,1.4511496371314518,0.2628560024608151,True,True,True,True,True,True,fixed_opp_m4_10000,opp_m4_10000,0,0,0,10000,True,opp_m4_10000,0,0,0,10000,base_validator_plus_exact_manual_policy_checks
nominal_m2_fixed_candidate_counterfactual_v1,seeded_ic_v1,manual,qplite,2,0.499675,63000018,/tmp/m2_fixed_validation_v7121ijn/adapted_trial.csv,4203,manual_residual_sweep,opp_m4_10000,0,0,0,10000,0.7262560129165649,-0.0037242923863232136,True,True,15.545886516571045,adaptive_brake,0.21302993595600128,0.008409691586194638,8.002495765686035,1.4149688827275244,0.27729436049199124,True,True,True,True,True,True,fixed_opp_m4_10000,opp_m4_10000,0,0,0,10000,True,opp_m4_10000,0,0,0,10000,base_validator_plus_exact_manual_policy_checks
nominal_m2_fixed_candidate_counterfactual_v1,seeded_ic_v1,manual,qplite,2,0.499675,63000019,/tmp/m2_fixed_validation_8gq8yg3e/adapted_trial.csv,4179,manual_residual_sweep,opp_m4_10000,0,0,0,10000,0.7307623028755188,-0.0038644711021333933,True,True,15.244971990585327,adaptive_brake,0.22527076303958893,0.009482211431912843,7.995753765106201,1.42583524618308,0.26401512861785115,True,True,True,True,True,True,fixed_opp_m4_10000,opp_m4_10000,0,0,0,10000,True,opp_m4_10000,0,0,0,10000,base_validator_plus_exact_manual_policy_checks
nominal_m2_fixed_candidate_counterfactual_v1,seeded_ic_v1,manual,qplite,2,0.499675,63000020,/tmp/m2_fixed_validation_o1b591__/adapted_trial.csv,4161,manual_residual_sweep,opp_m4_10000,0,0,0,10000,0.7012209296226501,-0.0036860990803688765,True,True,15.465327978134155,adaptive_brake,0.19183659553527832,0.00783108592904894,7.992415428161621,1.4651969507534122,0.26487233486311457,True,True,True,True,True,True,fixed_opp_m4_10000,opp_m4_10000,0,0,0,10000,True,opp_m4_10000,0,0,0,10000,base_validator_plus_exact_manual_policy_checks
nominal_m2_fixed_candidate_counterfactual_v1,seeded_ic_v1,manual,qplite,2,0.499675,63000021,/tmp/m2_fixed_validation_hvyinahu/adapted_trial.csv,4203,manual_residual_sweep,opp_m4_10000,0,0,0,10000,0.7298303246498108,-0.003713382175192237,True,True,15.60860300064087,adaptive_brake,0.19782085716724396,0.009378898866716941,7.940558910369873,1.4279394840876936,0.2544499074719635,True,True,True,True,True,True,fixed_opp_m4_10000,opp_m4_10000,0,0,0,10000,True,opp_m4_10000,0,0,0,10000,base_validator_plus_exact_manual_policy_checks
nominal_m2_fixed_candidate_counterfactual_v1,seeded_ic_v1,manual,qplite,2,0.499675,63000022,/tmp/m2_fixed_validation_yt62js0w/adapted_trial.csv,4197,manual_residual_sweep,opp_m4_10000,0,0,0,10000,0.7250069379806519,-0.0041699702851474285,True,True,15.585860252380371,adaptive_brake,0.19944734871387482,0.007950185142743552,7.983275890350342,1.4302259139158306,0.27065796705972134,True,True,True,True,True,True,fixed_opp_m4_10000,opp_m4_10000,0,0,0,10000,True,opp_m4_10000,0,0,0,10000,base_validator_plus_exact_manual_policy_checks
nominal_m2_fixed_candidate_counterfactual_v1,seeded_ic_v1,manual,qplite,2,0.499675,63000023,/tmp/m2_fixed_validation_y7aztsie/adapted_trial.csv,4192,manual_residual_sweep,opp_m4_10000,0,0,0,10000,0.7065097689628601,-0.0037051206454634666,True,True,15.447293519973755,adaptive_brake,0.20986638963222504,0.008876802644539846,7.983273506164551,1.4323006489992236,0.26808002515656887,True,True,True,True,True,True,fixed_opp_m4_10000,opp_m4_10000,0,0,0,10000,True,opp_m4_10000,0,0,0,10000,base_validator_plus_exact_manual_policy_checks
nominal_m2_fixed_candidate_counterfactual_v1,seeded_ic_v1,manual,qplite,2,0.499675,63000024,/tmp/m2_fixed_validation_k51zu6v1/adapted_trial.csv,4221,manual_residual_sweep,opp_m4_10000,0,0,0,10000,0.7012749314308167,-0.0034015390556305647,True,True,15.62596869468689,adaptive_brake,0.20008201897144318,0.008061552848588494,7.994389533996582,1.4252732853526768,0.27378966097117624,True,True,True,True,True,True,fixed_opp_m4_10000,opp_m4_10000,0,0,0,10000,True,opp_m4_10000,0,0,0,10000,base_validator_plus_exact_manual_policy_checks
nominal_m2_fixed_candidate_counterfactual_v1,seeded_ic_v1,manual,qplite,2,0.499675,63000025,/tmp/m2_fixed_validation_w1d6omcf/adapted_trial.csv,4230,manual_residual_sweep,opp_m4_10000,0,0,0,10000,0.6946876645088196,-0.0036446349695324898,True,True,15.846591234207153,adaptive_brake,0.19193218648433685,0.007456595740620601,7.9777512550354,1.4372994574459699,0.2781987966167893,True,True,True,True,True,True,fixed_opp_m4_10000,opp_m4_10000,0,0,0,10000,True,opp_m4_10000,0,0,0,10000,base_validator_plus_exact_manual_policy_checks
nominal_m2_fixed_candidate_counterfactual_v1,seeded_ic_v1,manual,qplite,2,0.499675,63000026,/tmp/m2_fixed_validation_xx0jrwpi/adapted_trial.csv,4165,manual_residual_sweep,opp_m4_10000,0,0,0,10000,0.6946593523025513,-0.0038649074267596006,True,True,15.20759916305542,adaptive_brake,0.20494401454925537,0.008403819209588737,7.9737982749938965,1.4327586856181076,0.27503117099145985,True,True,True,True,True,True,fixed_opp_m4_10000,opp_m4_10000,0,0,0,10000,True,opp_m4_10000,0,0,0,10000,base_validator_plus_exact_manual_policy_checks
nominal_m2_fixed_candidate_counterfactual_v1,seeded_ic_v1,manual,qplite,2,0.499675,63000027,/tmp/m2_fixed_validation_ibmmw2nq/adapted_trial.csv,4221,manual_residual_sweep,opp_m4_10000,0,0,0,10000,0.7186501026153564,-0.0035812093410640955,True,True,16.244322538375854,landing_ramp,0.16611440479755402,0.006988368316343895,7.992242336273193,1.403857593866601,0.2645611854367433,True,True,True,True,True,True,fixed_opp_m4_10000,opp_m4_10000,0,0,0,10000,True,opp_m4_10000,0,0,0,10000,base_validator_plus_exact_manual_policy_checks
nominal_m2_fixed_candidate_counterfactual_v1,seeded_ic_v1,manual,qplite,2,0.499675,63000028,/tmp/m2_fixed_validation_5o2trska/adapted_trial.csv,4164,manual_residual_sweep,opp_m4_10000,0,0,0,10000,0.7220381498336792,-0.004258561879396439,True,True,15.205987691879272,adaptive_brake,0.21449387073516846,0.008252170509163378,7.984550476074219,1.420258751347682,0.27990968431847474,True,True,True,True,True,True,fixed_opp_m4_10000,opp_m4_10000,0,0,0,10000,True,opp_m4_10000,0,0,0,10000,base_validator_plus_exact_manual_policy_checks
nominal_m2_fixed_candidate_counterfactual_v1,seeded_ic_v1,manual,qplite,2,0.499675,63000029,/tmp/m2_fixed_validation_q9gna5_j/adapted_trial.csv,4212,manual_residual_sweep,opp_m4_10000,0,0,0,10000,0.7054135799407959,-0.00351253105327487,True,True,15.554633140563965,adaptive_brake,0.20555172860622406,0.008482954671287658,7.9906816482543945,1.4290397820409177,0.27290870235095815,True,True,True,True,True,True,fixed_opp_m4_10000,opp_m4_10000,0,0,0,10000,True,opp_m4_10000,0,0,0,10000,base_validator_plus_exact_manual_policy_checks
nominal_m2_fixed_candidate_counterfactual_v1,seeded_ic_v1,manual,qplite,2,0.499675,63000030,/tmp/m2_fixed_validation_ik_3x93h/adapted_trial.csv,4197,manual_residual_sweep,opp_m4_10000,0,0,0,10000,0.7156419157981873,-0.00357262184843421,True,True,15.13345193862915,adaptive_brake,0.23330813646316528,0.008868457312848358,7.979709148406982,1.468776356034974,0.26244901589791847,True,True,True,True,True,True,fixed_opp_m4_10000,opp_m4_10000,0,0,0,10000,True,opp_m4_10000,0,0,0,10000,base_validator_plus_exact_manual_policy_checks
