motor,eta,protocol_id,trial_seed,controller,allocator_config,rows,actual_fault_t,post_fault_rows,active_post_fault_rows,contact_found,safe_touchdown,contact_t,fault_to_contact_s,contact_phase,vertical_speed_mps,vertical_speed_margin_mps,horizontal_speed_mps,max_tilt_deg,angular_rate_radps,horizontal_drift_m,vertical_speed_ok,horizontal_speed_ok,roll_pitch_ok,angular_rate_ok,drift_ok,fault_motor_allocation,expected_applied_pwm,logged_applied_pwm,pinv_active_mask,pinv_err_thrust,pinv_err_yaw,pinv_objective,summary_file
1,0.496,seeded_ic_v1,14980001,pinv,pinv_bounded_wls_w1_1_1_0.2_lambda1e-06,4170,9.86540150642395,2697,2613,True,True,14.426565885543823,4.561164379119873,adaptive_brake,0.3490058183670044,0.0009941816329955833,0.008995904277833897,0.019161297008395195,0.09022086968027748,0.018657489156840443,True,True,True,True,True,65535,32505,32505,1,-4719.640625,-117963.640625,623406592.0,results/final/pinv_baseline/seeded_eta0p496/production_30/summaries/qp_event_allocator_m1_eta0p496_seededpinv_pinv_m1_eta0p496_seed14980001_summary.csv
1,0.496,seeded_ic_v1,14980002,pinv,pinv_bounded_wls_w1_1_1_0.2_lambda1e-06,4167,9.824968576431274,2700,2616,True,True,14.543967723846436,4.718999147415161,adaptive_brake,0.3450685441493988,0.004931455850601174,0.008908367151165896,0.0055712442845106125,0.07858691186945313,0.029726259253962398,True,True,True,True,True,65535,32505,32505,1,-4719.640625,-117963.640625,623406592.0,results/final/pinv_baseline/seeded_eta0p496/production_30/summaries/qp_event_allocator_m1_eta0p496_seededpinv_pinv_m1_eta0p496_seed14980002_summary.csv
1,0.496,seeded_ic_v1,14980003,pinv,pinv_bounded_wls_w1_1_1_0.2_lambda1e-06,4224,10.205285549163818,2700,2616,True,False,14.866325378417969,4.66103982925415,adaptive_brake,0.35600459575653076,-0.006004595756530784,0.008761198183315635,0.013809415511786938,0.0892028359024017,0.03311607133957629,False,True,True,True,True,65535,32505,32505,1,-4719.640625,-117963.640625,623406528.0,results/final/pinv_baseline/seeded_eta0p496/production_30/summaries/qp_event_allocator_m1_eta0p496_seededpinv_pinv_m1_eta0p496_seed14980003_summary.csv
1,0.496,seeded_ic_v1,14980004,pinv,pinv_bounded_wls_w1_1_1_0.2_lambda1e-06,4194,10.006434202194214,2700,2622,True,False,14.628299474716187,4.621865272521973,adaptive_brake,0.35134389996528625,-0.001343899965286277,0.008059263399385412,0.03963712230324745,0.08379548841694788,0.03355362928859653,False,True,True,True,True,65535,32505,32505,1,-4719.640625,-117963.640625,623406720.0,results/final/pinv_baseline/seeded_eta0p496/production_30/summaries/qp_event_allocator_m1_eta0p496_seededpinv_pinv_m1_eta0p496_seed14980004_summary.csv
1,0.496,seeded_ic_v1,14980005,pinv,pinv_bounded_wls_w1_1_1_0.2_lambda1e-06,4197,10.024373531341553,2700,2610,True,True,14.769389390945435,4.745015859603882,adaptive_brake,0.3466120958328247,0.0033879041671752708,0.008583530039629288,0.002596462145447731,0.07779094547966459,0.015853297497901025,True,True,True,True,True,65535,32505,32505,1,-4719.640625,-117963.640625,623406656.0,results/final/pinv_baseline/seeded_eta0p496/production_30/summaries/qp_event_allocator_m1_eta0p496_seededpinv_pinv_m1_eta0p496_seed14980005_summary.csv
1,0.496,seeded_ic_v1,14980006,pinv,pinv_bounded_wls_w1_1_1_0.2_lambda1e-06,4221,10.186916828155518,2700,2604,True,True,14.847085952758789,4.6601691246032715,adaptive_brake,0.34054136276245117,0.009458637237548806,0.008128444508007765,0.02720334753394127,0.0820802318633431,0.03581238853712098,True,True,True,True,True,65535,32505,32505,1,-4719.640625,-117963.640625,623406592.0,results/final/pinv_baseline/seeded_eta0p496/production_30/summaries/qp_event_allocator_m1_eta0p496_seededpinv_pinv_m1_eta0p496_seed14980006_summary.csv
1,0.496,seeded_ic_v1,14980007,pinv,pinv_bounded_wls_w1_1_1_0.2_lambda1e-06,4164,9.804738521575928,2700,2610,True,True,14.543842315673828,4.7391037940979,adaptive_brake,0.34092915058135986,0.009070849418640115,0.00851798426412044,0.01787928305566311,0.08626996852331278,0.027269452146781163,True,True,True,True,True,65535,32505,32505,1,-4719.640625,-117963.640625,623406592.0,results/final/pinv_baseline/seeded_eta0p496/production_30/summaries/qp_event_allocator_m1_eta0p496_seededpinv_pinv_m1_eta0p496_seed14980007_summary.csv
1,0.496,seeded_ic_v1,14980008,pinv,pinv_bounded_wls_w1_1_1_0.2_lambda1e-06,4173,9.88287353515625,2700,2613,True,True,14.60354733467102,4.7206737995147705,adaptive_brake,0.3420594334602356,0.007940566539764382,0.008720201142390433,0.007414182648062706,0.07780324328905545,0.030596515823831726,True,True,True,True,True,65535,32505,32505,1,-4719.640625,-117963.640625,623406656.0,results/final/pinv_baseline/seeded_eta0p496/production_30/summaries/qp_event_allocator_m1_eta0p496_seededpinv_pinv_m1_eta0p496_seed14980008_summary.csv
1,0.496,seeded_ic_v1,14980009,pinv,pinv_bounded_wls_w1_1_1_0.2_lambda1e-06,4212,10.126342535018921,2700,2607,True,True,14.925910472869873,4.799567937850952,adaptive_brake,0.3447478413581848,0.005252158641815163,0.008059952513060072,0.015947561711072922,0.08122547014026618,0.05204522577967628,True,True,True,True,True,65535,32505,32505,1,-4719.640625,-117963.640625,623406656.0,results/final/pinv_baseline/seeded_eta0p496/production_30/summaries/qp_event_allocator_m1_eta0p496_seededpinv_pinv_m1_eta0p496_seed14980009_summary.csv
1,0.496,seeded_ic_v1,14980010,pinv,pinv_bounded_wls_w1_1_1_0.2_lambda1e-06,4194,10.004408597946167,2700,2619,True,True,14.644234657287598,4.639826059341431,adaptive_brake,0.341434508562088,0.008565491437911965,0.008483339398762352,0.021302979439496994,0.08560390277205214,0.009706142616752442,True,True,True,True,True,65535,32505,32505,1,-4719.640625,-117963.640625,623406592.0,results/final/pinv_baseline/seeded_eta0p496/production_30/summaries/qp_event_allocator_m1_eta0p496_seededpinv_pinv_m1_eta0p496_seed14980010_summary.csv
1,0.496,seeded_ic_v1,14980011,pinv,pinv_bounded_wls_w1_1_1_0.2_lambda1e-06,4191,9.985650539398193,2700,2610,True,True,14.68782925605774,4.702178716659546,adaptive_brake,0.34912508726119995,0.0008749127388000266,0.008572727149550161,0.006067625712603331,0.07803823897496827,0.038850411206930474,True,True,True,True,True,65535,32505,32505,1,-4719.640625,-117963.640625,623406656.0,results/final/pinv_baseline/seeded_eta0p496/production_30/summaries/qp_event_allocator_m1_eta0p496_seededpinv_pinv_m1_eta0p496_seed14980011_summary.csv
1,0.496,seeded_ic_v1,14980012,pinv,pinv_bounded_wls_w1_1_1_0.2_lambda1e-06,4194,10.004427194595337,2700,2607,True,True,14.76631236076355,4.761885166168213,adaptive_brake,0.3491095006465912,0.0008904993534087913,0.008875557770616651,0.01027478463947773,0.08099393604199463,0.030802038359181425,True,True,True,True,True,65535,32505,32505,1,-4719.640625,-117963.640625,623406656.0,results/final/pinv_baseline/seeded_eta0p496/production_30/summaries/qp_event_allocator_m1_eta0p496_seededpinv_pinv_m1_eta0p496_seed14980012_summary.csv
1,0.496,seeded_ic_v1,14980013,pinv,pinv_bounded_wls_w1_1_1_0.2_lambda1e-06,4158,9.784950733184814,2697,2610,True,True,14.503980875015259,4.719030141830444,adaptive_brake,0.34711602330207825,0.0028839766979217307,0.008943572596134193,0.009171424433588982,0.08205992467606273,0.019893053839259062,True,True,True,True,True,65535,32505,32505,1,-4719.640625,-117963.640625,623406656.0,results/final/pinv_baseline/seeded_eta0p496/production_30/summaries/qp_event_allocator_m1_eta0p496_seededpinv_pinv_m1_eta0p496_seed14980013_summary.csv
1,0.496,seeded_ic_v1,14980014,pinv,pinv_bounded_wls_w1_1_1_0.2_lambda1e-06,4176,9.886040210723877,2700,2613,True,True,14.584999561309814,4.6989593505859375,adaptive_brake,0.33823439478874207,0.011765605211257912,0.008832173965868146,0.015138711780309677,0.08419787417341978,0.021042826453592567,True,True,True,True,True,65535,32505,32505,1,-4719.640625,-117963.640625,623406656.0,results/final/pinv_baseline/seeded_eta0p496/production_30/summaries/qp_event_allocator_m1_eta0p496_seededpinv_pinv_m1_eta0p496_seed14980014_summary.csv
1,0.496,seeded_ic_v1,14980015,pinv,pinv_bounded_wls_w1_1_1_0.2_lambda1e-06,4167,9.845924854278564,2697,2601,True,True,14.581106662750244,4.73518180847168,adaptive_brake,0.3463016748428345,0.003698325157165505,0.007073546066030505,0.0539693608880043,0.08119408680433439,0.029143362870832117,True,True,True,True,True,65535,32505,32505,1,-4719.640625,-117963.640625,623406656.0,results/final/pinv_baseline/seeded_eta0p496/production_30/summaries/qp_event_allocator_m1_eta0p496_seededpinv_pinv_m1_eta0p496_seed14980015_summary.csv
1,0.496,seeded_ic_v1,14980016,pinv,pinv_bounded_wls_w1_1_1_0.2_lambda1e-06,4206,10.087717771530151,2700,2610,True,True,14.747669696807861,4.65995192527771,adaptive_brake,0.34587493538856506,0.004125064611434914,0.008394736067364135,0.022778866812586784,0.08085040652551656,0.03283775046181143,True,True,True,True,True,65535,32505,32505,1,-4719.640625,-117963.640625,623406656.0,results/final/pinv_baseline/seeded_eta0p496/production_30/summaries/qp_event_allocator_m1_eta0p496_seededpinv_pinv_m1_eta0p496_seed14980016_summary.csv
1,0.496,seeded_ic_v1,14980017,pinv,pinv_bounded_wls_w1_1_1_0.2_lambda1e-06,4170,9.883314609527588,2697,2610,True,True,14.643308401107788,4.7599937915802,adaptive_brake,0.345647394657135,0.004352605342864968,0.008079641865847625,0.020425880327820778,0.0938775550611369,0.04614902992955245,True,True,True,True,True,65535,32505,32505,1,-4719.640625,-117963.640625,623406592.0,results/final/pinv_baseline/seeded_eta0p496/production_30/summaries/qp_event_allocator_m1_eta0p496_seededpinv_pinv_m1_eta0p496_seed14980017_summary.csv
1,0.496,seeded_ic_v1,14980018,pinv,pinv_bounded_wls_w1_1_1_0.2_lambda1e-06,4215,10.143988847732544,2700,2607,True,True,14.86519193649292,4.721203088760376,adaptive_brake,0.3335161805152893,0.01648381948471067,0.00852625761507047,0.0260264053940773,0.08314378901708389,0.036032122094946994,True,True,True,True,True,65535,32505,32505,1,-4719.640625,-117963.640625,623406656.0,results/final/pinv_baseline/seeded_eta0p496/production_30/summaries/qp_event_allocator_m1_eta0p496_seededpinv_pinv_m1_eta0p496_seed14980018_summary.csv
1,0.496,seeded_ic_v1,14980019,pinv,pinv_bounded_wls_w1_1_1_0.2_lambda1e-06,4206,10.084534168243408,2700,2610,True,True,14.703624486923218,4.61909031867981,adaptive_brake,0.346608966588974,0.0033910334110259788,0.008142232762906145,0.029593350365757942,0.0790051739208462,0.02714536679825964,True,True,True,True,True,65535,32505,32505,1,-4719.640625,-117963.640625,623406656.0,results/final/pinv_baseline/seeded_eta0p496/production_30/summaries/qp_event_allocator_m1_eta0p496_seededpinv_pinv_m1_eta0p496_seed14980019_summary.csv
1,0.496,seeded_ic_v1,14980020,pinv,pinv_bounded_wls_w1_1_1_0.2_lambda1e-06,4221,10.18432903289795,2700,2613,True,True,14.863405704498291,4.679076671600342,adaptive_brake,0.34577876329421997,0.004221236705780007,0.008742580767177183,0.0036092186346650124,0.08016062837588289,0.020272154662479277,True,True,True,True,True,65535,32505,32505,1,-4719.640625,-117963.640625,623406656.0,results/final/pinv_baseline/seeded_eta0p496/production_30/summaries/qp_event_allocator_m1_eta0p496_seededpinv_pinv_m1_eta0p496_seed14980020_summary.csv
1,0.496,seeded_ic_v1,14980021,pinv,pinv_bounded_wls_w1_1_1_0.2_lambda1e-06,4229,10.249201774597168,2699,2615,True,True,15.00903582572937,4.759834051132202,adaptive_brake,0.3482834994792938,0.0017165005207061546,0.008429768909753886,0.013666175305843353,0.08006114366981255,0.028672650531563003,True,True,True,True,True,65535,32505,32505,1,-4719.640625,-117963.640625,623406656.0,results/final/pinv_baseline/seeded_eta0p496/production_30/summaries/qp_event_allocator_m1_eta0p496_seededpinv_pinv_m1_eta0p496_seed14980021_summary.csv
1,0.496,seeded_ic_v1,14980022,pinv,pinv_bounded_wls_w1_1_1_0.2_lambda1e-06,4209,10.12338376045227,2697,2610,True,False,14.763138771057129,4.639755010604858,adaptive_brake,0.3501449525356293,-0.00014495253562929467,0.00855837756239503,0.01990646868944168,0.08101662233716647,0.047736749210560196,False,True,True,True,True,65535,32505,32505,1,-4719.640625,-117963.640625,623406592.0,results/final/pinv_baseline/seeded_eta0p496/production_30/summaries/qp_event_allocator_m1_eta0p496_seededpinv_pinv_m1_eta0p496_seed14980022_summary.csv
1,0.496,seeded_ic_v1,14980023,pinv,pinv_bounded_wls_w1_1_1_0.2_lambda1e-06,4176,9.883713245391846,2700,2607,True,False,14.524574756622314,4.640861511230469,adaptive_brake,0.35636281967163086,-0.006362819671630882,0.008530006710570753,0.023073730990290642,0.07782263595457928,0.012034643554115224,False,True,True,True,True,65535,32505,32505,1,-4719.640625,-117963.640625,623406656.0,results/final/pinv_baseline/seeded_eta0p496/production_30/summaries/qp_event_allocator_m1_eta0p496_seededpinv_pinv_m1_eta0p496_seed14980023_summary.csv
1,0.496,seeded_ic_v1,14980024,pinv,pinv_bounded_wls_w1_1_1_0.2_lambda1e-06,4203,10.084484338760376,2697,2607,True,True,14.746546745300293,4.662062406539917,adaptive_brake,0.3394726514816284,0.01052734851837156,0.008424886223701971,0.023731879889965057,0.08274727147664122,0.05948020438359231,True,True,True,True,True,65535,32505,32505,1,-4719.640625,-117963.640625,623406592.0,results/final/pinv_baseline/seeded_eta0p496/production_30/summaries/qp_event_allocator_m1_eta0p496_seededpinv_pinv_m1_eta0p496_seed14980024_summary.csv
1,0.496,seeded_ic_v1,14980025,pinv,pinv_bounded_wls_w1_1_1_0.2_lambda1e-06,4227,10.228991031646729,2700,2610,True,True,14.90965723991394,4.680666208267212,adaptive_brake,0.34433040022850037,0.005669599771499612,0.0084774590959535,0.01596849411725998,0.08311874616326585,0.03179953221869445,True,True,True,True,True,65535,32505,32505,1,-4719.640625,-117963.640625,623406528.0,results/final/pinv_baseline/seeded_eta0p496/production_30/summaries/qp_event_allocator_m1_eta0p496_seededpinv_pinv_m1_eta0p496_seed14980025_summary.csv
1,0.496,seeded_ic_v1,14980026,pinv,pinv_bounded_wls_w1_1_1_0.2_lambda1e-06,4219,10.207894325256348,2698,2611,True,True,14.8479163646698,4.640022039413452,adaptive_brake,0.3397270441055298,0.010272955894470193,0.008432448870747788,0.018428156152367592,0.08206691617473577,0.010279152216351554,True,True,True,True,True,65535,32505,32505,1,-4719.640625,-117963.640625,623406656.0,results/final/pinv_baseline/seeded_eta0p496/production_30/summaries/qp_event_allocator_m1_eta0p496_seededpinv_pinv_m1_eta0p496_seed14980026_summary.csv
1,0.496,seeded_ic_v1,14980027,pinv,pinv_bounded_wls_w1_1_1_0.2_lambda1e-06,4182,9.926197290420532,2700,2607,True,True,14.60537576675415,4.679178476333618,adaptive_brake,0.33643218874931335,0.013567811250686623,0.008516363501251211,0.022834984585642815,0.08105122186215906,0.03645308158601156,True,True,True,True,True,65535,32505,32505,1,-4719.640625,-117963.640625,623406592.0,results/final/pinv_baseline/seeded_eta0p496/production_30/summaries/qp_event_allocator_m1_eta0p496_seededpinv_pinv_m1_eta0p496_seed14980027_summary.csv
1,0.496,seeded_ic_v1,14980028,pinv,pinv_bounded_wls_w1_1_1_0.2_lambda1e-06,4167,9.845596313476562,2697,2616,True,True,14.50583553314209,4.660239219665527,adaptive_brake,0.33898502588272095,0.01101497411727903,0.00866716833725033,0.015905562788248062,0.07573681674437523,0.025842332617764915,True,True,True,True,True,65535,32505,32505,1,-4719.640625,-117963.640625,623406656.0,results/final/pinv_baseline/seeded_eta0p496/production_30/summaries/qp_event_allocator_m1_eta0p496_seededpinv_pinv_m1_eta0p496_seed14980028_summary.csv
1,0.496,seeded_ic_v1,14980029,pinv,pinv_bounded_wls_w1_1_1_0.2_lambda1e-06,4221,10.1853187084198,2700,2613,True,True,14.945272445678711,4.759953737258911,adaptive_brake,0.3372791111469269,0.012720888853073098,0.00847431718656804,0.020012106746435165,0.08334422814285439,0.021761291179941397,True,True,True,True,True,65535,32505,32505,1,-4719.640625,-117963.640625,623406656.0,results/final/pinv_baseline/seeded_eta0p496/production_30/summaries/qp_event_allocator_m1_eta0p496_seededpinv_pinv_m1_eta0p496_seed14980029_summary.csv
1,0.496,seeded_ic_v1,14980030,pinv,pinv_bounded_wls_w1_1_1_0.2_lambda1e-06,4182,9.92660927772522,2700,2598,True,True,14.586992979049683,4.660383701324463,adaptive_brake,0.34443408250808716,0.00556591749191282,0.008516124636773884,0.017282413318753242,0.08099486379498562,0.013669324120966303,True,True,True,True,True,65535,32505,32505,1,-4719.640625,-117963.640625,623406656.0,results/final/pinv_baseline/seeded_eta0p496/production_30/summaries/qp_event_allocator_m1_eta0p496_seededpinv_pinv_m1_eta0p496_seed14980030_summary.csv
2,0.496,seeded_ic_v1,24980001,pinv,pinv_bounded_wls_w1_1_1_0.2_lambda1e-06,4188,9.965881586074829,2700,2613,True,True,15.248097896575928,5.282216310501099,adaptive_brake,0.32550305128097534,0.024496948719024636,0.007714500895007067,0.017529916018247604,0.07987493104673107,0.04306505740742102,True,True,True,True,True,65535,32505,32505,2,-4719.640625,117963.640625,623406656.0,results/final/pinv_baseline/seeded_eta0p496/production_30/summaries/qp_event_allocator_m2_eta0p496_seededpinv_pinv_m2_eta0p496_seed24980001_summary.csv
2,0.496,seeded_ic_v1,24980002,pinv,pinv_bounded_wls_w1_1_1_0.2_lambda1e-06,4227,10.266464948654175,2694,2601,True,True,15.467873573303223,5.201408624649048,adaptive_brake,0.33101576566696167,0.018984234333038308,0.008581048288577258,0.01828112080693245,0.08132593391410521,0.029197768958491122,True,True,True,True,True,65535,32505,32505,2,-4719.640625,117963.640625,623406592.0,results/final/pinv_baseline/seeded_eta0p496/production_30/summaries/qp_event_allocator_m2_eta0p496_seededpinv_pinv_m2_eta0p496_seed24980002_summary.csv
2,0.496,seeded_ic_v1,24980003,pinv,pinv_bounded_wls_w1_1_1_0.2_lambda1e-06,4173,9.866632461547852,2700,2604,True,True,15.006736993789673,5.140104532241821,adaptive_brake,0.3258572518825531,0.024142748117446877,0.007986138505976077,0.0261708814650774,0.07982189402982291,0.020317894900100584,True,True,True,True,True,65535,32505,32505,2,-4719.640625,117963.640625,623406656.0,results/final/pinv_baseline/seeded_eta0p496/production_30/summaries/qp_event_allocator_m2_eta0p496_seededpinv_pinv_m2_eta0p496_seed24980003_summary.csv
2,0.496,seeded_ic_v1,24980004,pinv,pinv_bounded_wls_w1_1_1_0.2_lambda1e-06,4209,10.105778455734253,2700,2613,True,True,15.305646896362305,5.199868440628052,adaptive_brake,0.3274148404598236,0.02258515954017637,0.007610300385881974,0.02866547182202339,0.07477711744269178,0.028950645073621127,True,True,True,True,True,65535,32505,32505,2,-4719.640625,117963.640625,623406656.0,results/final/pinv_baseline/seeded_eta0p496/production_30/summaries/qp_event_allocator_m2_eta0p496_seededpinv_pinv_m2_eta0p496_seed24980004_summary.csv
2,0.496,seeded_ic_v1,24980005,pinv,pinv_bounded_wls_w1_1_1_0.2_lambda1e-06,4158,9.783710479736328,2697,2613,True,True,15.004868745803833,5.221158266067505,adaptive_brake,0.3178478181362152,0.03215218186378477,0.007696970418716807,0.017574569210410118,0.07777450231173752,0.036046186262480455,True,True,True,True,True,65535,32505,32505,2,-4719.640625,117963.640625,623406592.0,results/final/pinv_baseline/seeded_eta0p496/production_30/summaries/qp_event_allocator_m2_eta0p496_seededpinv_pinv_m2_eta0p496_seed24980005_summary.csv
2,0.496,seeded_ic_v1,24980006,pinv,pinv_bounded_wls_w1_1_1_0.2_lambda1e-06,4230,10.246630191802979,2700,2613,True,True,15.44563364982605,5.199003458023071,adaptive_brake,0.3220374882221222,0.027962511777877785,0.007653936097148108,0.022309930995106697,0.07560103472159921,0.001018641368639383,True,True,True,True,True,65535,32505,32505,2,-4719.640625,117963.640625,623406592.0,results/final/pinv_baseline/seeded_eta0p496/production_30/summaries/qp_event_allocator_m2_eta0p496_seededpinv_pinv_m2_eta0p496_seed24980006_summary.csv
2,0.496,seeded_ic_v1,24980007,pinv,pinv_bounded_wls_w1_1_1_0.2_lambda1e-06,4191,10.006402730941772,2700,2610,True,True,15.245429992675781,5.239027261734009,adaptive_brake,0.3288370668888092,0.021162933111190774,0.007868587439889873,0.022005675360560417,0.07649643601750514,0.00949528886557998,True,True,True,True,True,65535,32505,32505,2,-4719.640625,117963.640625,623406656.0,results/final/pinv_baseline/seeded_eta0p496/production_30/summaries/qp_event_allocator_m2_eta0p496_seededpinv_pinv_m2_eta0p496_seed24980007_summary.csv
2,0.496,seeded_ic_v1,24980008,pinv,pinv_bounded_wls_w1_1_1_0.2_lambda1e-06,4197,10.024025440216064,2700,2610,True,True,15.2039315700531,5.179906129837036,adaptive_brake,0.3309476673603058,0.01905233263969419,0.008116539703797178,0.02504170872271061,0.07563609575083204,0.009032282499669675,True,True,True,True,True,65535,32505,32505,2,-4719.640625,117963.640625,623406528.0,results/final/pinv_baseline/seeded_eta0p496/production_30/summaries/qp_event_allocator_m2_eta0p496_seededpinv_pinv_m2_eta0p496_seed24980008_summary.csv
2,0.496,seeded_ic_v1,24980009,pinv,pinv_bounded_wls_w1_1_1_0.2_lambda1e-06,4164,9.807258367538452,2700,2613,True,True,15.10636591911316,5.299107551574707,adaptive_brake,0.32478585839271545,0.025214141607284524,0.007885361777825412,0.010315190069377422,0.08002024311387555,0.03293487869948369,True,True,True,True,True,65535,32505,32505,2,-4719.640625,117963.640625,623406656.0,results/final/pinv_baseline/seeded_eta0p496/production_30/summaries/qp_event_allocator_m2_eta0p496_seededpinv_pinv_m2_eta0p496_seed24980009_summary.csv
2,0.496,seeded_ic_v1,24980010,pinv,pinv_bounded_wls_w1_1_1_0.2_lambda1e-06,4200,10.04702615737915,2700,2613,True,True,15.306192874908447,5.259166717529297,adaptive_brake,0.32875320315361023,0.02124679684638975,0.00786625114778272,0.016854112967848778,0.07613742432452998,0.029217562953560657,True,True,True,True,True,65535,32505,32505,2,-4719.640625,117963.640625,623406592.0,results/final/pinv_baseline/seeded_eta0p496/production_30/summaries/qp_event_allocator_m2_eta0p496_seededpinv_pinv_m2_eta0p496_seed24980010_summary.csv
2,0.496,seeded_ic_v1,24980011,pinv,pinv_bounded_wls_w1_1_1_0.2_lambda1e-06,4230,10.245584487915039,2700,2619,True,True,15.445915460586548,5.200330972671509,adaptive_brake,0.33234870433807373,0.017651295661926247,0.00743428139660099,0.039314154535532,0.07713844239255331,0.03896771516314071,True,True,True,True,True,65535,32505,32505,2,-4719.640625,117963.640625,623406592.0,results/final/pinv_baseline/seeded_eta0p496/production_30/summaries/qp_event_allocator_m2_eta0p496_seededpinv_pinv_m2_eta0p496_seed24980011_summary.csv
2,0.496,seeded_ic_v1,24980012,pinv,pinv_bounded_wls_w1_1_1_0.2_lambda1e-06,4185,9.965435266494751,2697,2610,True,True,15.132561683654785,5.167126417160034,adaptive_brake,0.33430442214012146,0.015695577859878518,0.008331439947632293,0.02514965459704399,0.07951697475960305,0.03388315432320712,True,True,True,True,True,65535,32505,32505,2,-4719.640625,117963.640625,623406720.0,results/final/pinv_baseline/seeded_eta0p496/production_30/summaries/qp_event_allocator_m2_eta0p496_seededpinv_pinv_m2_eta0p496_seed24980012_summary.csv
2,0.496,seeded_ic_v1,24980013,pinv,pinv_bounded_wls_w1_1_1_0.2_lambda1e-06,4158,9.764880657196045,2700,2613,True,True,15.027920484542847,5.263039827346802,adaptive_brake,0.33041971921920776,0.019580280780792214,0.007989042735871385,0.019789250567555428,0.07899207102728793,0.02009343761743845,True,True,True,True,True,65535,32505,32505,2,-4719.640625,117963.640625,623406656.0,results/final/pinv_baseline/seeded_eta0p496/production_30/summaries/qp_event_allocator_m2_eta0p496_seededpinv_pinv_m2_eta0p496_seed24980013_summary.csv
2,0.496,seeded_ic_v1,24980014,pinv,pinv_bounded_wls_w1_1_1_0.2_lambda1e-06,4209,10.146337270736694,2694,2607,True,True,15.325359582901001,5.179022312164307,adaptive_brake,0.33638498187065125,0.013615018129348733,0.008084774541614123,0.025422891601920128,0.07775493290146122,0.0035196207731343263,True,True,True,True,True,65535,32505,32505,2,-4719.640625,117963.640625,623406592.0,results/final/pinv_baseline/seeded_eta0p496/production_30/summaries/qp_event_allocator_m2_eta0p496_seededpinv_pinv_m2_eta0p496_seed24980014_summary.csv
2,0.496,seeded_ic_v1,24980015,pinv,pinv_bounded_wls_w1_1_1_0.2_lambda1e-06,4176,9.885829448699951,2700,2622,True,True,15.14484453201294,5.259015083312988,adaptive_brake,0.327064573764801,0.022935426235198952,0.007579863094840719,0.01935897395014763,0.07563376063747874,0.04874426140498831,True,True,True,True,True,65535,32505,32505,2,-4719.640625,117963.640625,623406592.0,results/final/pinv_baseline/seeded_eta0p496/production_30/summaries/qp_event_allocator_m2_eta0p496_seededpinv_pinv_m2_eta0p496_seed24980015_summary.csv
2,0.496,seeded_ic_v1,24980016,pinv,pinv_bounded_wls_w1_1_1_0.2_lambda1e-06,4188,9.97965931892395,2700,2610,True,True,15.178600311279297,5.198940992355347,adaptive_brake,0.33774334192276,0.012256658077239968,0.00734104518499595,0.03697538748383522,0.08096753949655025,0.033946180985269865,True,True,True,True,True,65535,32505,32505,2,-4719.640625,117963.640625,623406656.0,results/final/pinv_baseline/seeded_eta0p496/production_30/summaries/qp_event_allocator_m2_eta0p496_seededpinv_pinv_m2_eta0p496_seed24980016_summary.csv
2,0.496,seeded_ic_v1,24980017,pinv,pinv_bounded_wls_w1_1_1_0.2_lambda1e-06,4197,10.024733781814575,2700,2616,True,True,15.225496292114258,5.200762510299683,adaptive_brake,0.3387104570865631,0.011289542913436867,0.0074301087790089124,0.03604675456881523,0.0785924717536243,0.030718171484359322,True,True,True,True,True,65535,32505,32505,2,-4719.640625,117963.640625,623406592.0,results/final/pinv_baseline/seeded_eta0p496/production_30/summaries/qp_event_allocator_m2_eta0p496_seededpinv_pinv_m2_eta0p496_seed24980017_summary.csv
2,0.496,seeded_ic_v1,24980018,pinv,pinv_bounded_wls_w1_1_1_0.2_lambda1e-06,4161,9.805046319961548,2700,2613,True,True,15.026098728179932,5.221052408218384,adaptive_brake,0.3220413029193878,0.02795869708061216,0.007769923078773561,0.015735117718577385,0.08408462592020931,0.021796042029513126,True,True,True,True,True,65535,32505,32505,2,-4719.640625,117963.640625,623406720.0,results/final/pinv_baseline/seeded_eta0p496/production_30/summaries/qp_event_allocator_m2_eta0p496_seededpinv_pinv_m2_eta0p496_seed24980018_summary.csv
2,0.496,seeded_ic_v1,24980019,pinv,pinv_bounded_wls_w1_1_1_0.2_lambda1e-06,4188,9.96427583694458,2700,2616,True,True,15.20444917678833,5.24017333984375,adaptive_brake,0.3327968418598175,0.017203158140182473,0.008635153770257609,0.014616449363529682,0.07308685137125331,0.036884884021768996,True,True,True,True,True,65535,32505,32505,2,-4719.640625,117963.640625,623406592.0,results/final/pinv_baseline/seeded_eta0p496/production_30/summaries/qp_event_allocator_m2_eta0p496_seededpinv_pinv_m2_eta0p496_seed24980019_summary.csv
2,0.496,seeded_ic_v1,24980020,pinv,pinv_bounded_wls_w1_1_1_0.2_lambda1e-06,4221,10.185171365737915,2700,2607,True,True,15.385451316833496,5.200279951095581,adaptive_brake,0.3378158211708069,0.012184178829193093,0.007877242107747547,0.03299577534198761,0.07456846873670615,0.021096293122053366,True,True,True,True,True,65535,32505,32505,2,-4719.640625,117963.640625,623406592.0,results/final/pinv_baseline/seeded_eta0p496/production_30/summaries/qp_event_allocator_m2_eta0p496_seededpinv_pinv_m2_eta0p496_seed24980020_summary.csv
2,0.496,seeded_ic_v1,24980021,pinv,pinv_bounded_wls_w1_1_1_0.2_lambda1e-06,4230,10.244402885437012,2700,2619,True,True,15.424366474151611,5.1799635887146,adaptive_brake,0.3236921727657318,0.026307827234268166,0.008050162690207256,0.02186049148440361,0.07693131008555212,0.04674430072155399,True,True,True,True,True,65535,32505,32505,2,-4719.640625,117963.640625,623406592.0,results/final/pinv_baseline/seeded_eta0p496/production_30/summaries/qp_event_allocator_m2_eta0p496_seededpinv_pinv_m2_eta0p496_seed24980021_summary.csv
2,0.496,seeded_ic_v1,24980022,pinv,pinv_bounded_wls_w1_1_1_0.2_lambda1e-06,4167,9.825631141662598,2700,2616,True,True,15.005656242370605,5.180025100708008,adaptive_brake,0.3409856855869293,0.009014314413070657,0.00815349191740563,0.02864643558859825,0.08606651015113027,0.049685872545167535,True,True,True,True,True,65535,32505,32505,2,-4719.640625,117963.640625,623406656.0,results/final/pinv_baseline/seeded_eta0p496/production_30/summaries/qp_event_allocator_m2_eta0p496_seededpinv_pinv_m2_eta0p496_seed24980022_summary.csv
2,0.496,seeded_ic_v1,24980023,pinv,pinv_bounded_wls_w1_1_1_0.2_lambda1e-06,4191,9.98797345161438,2700,2610,True,True,15.16779112815857,5.1798176765441895,adaptive_brake,0.3298214077949524,0.020178592205047585,0.0078526880433372,0.028252266347408295,0.07994475986471432,0.019232909282571795,True,True,True,True,True,65535,32505,32505,2,-4719.640625,117963.640625,623406656.0,results/final/pinv_baseline/seeded_eta0p496/production_30/summaries/qp_event_allocator_m2_eta0p496_seededpinv_pinv_m2_eta0p496_seed24980023_summary.csv
2,0.496,seeded_ic_v1,24980024,pinv,pinv_bounded_wls_w1_1_1_0.2_lambda1e-06,4179,9.924471855163574,2697,2613,True,True,15.186325550079346,5.2618536949157715,adaptive_brake,0.32997849583625793,0.020021504163742043,0.007440603300374278,0.02481146529316902,0.07242337866065934,0.03776297333409726,True,True,True,True,True,65535,32505,32505,2,-4719.640625,117963.640625,623406592.0,results/final/pinv_baseline/seeded_eta0p496/production_30/summaries/qp_event_allocator_m2_eta0p496_seededpinv_pinv_m2_eta0p496_seed24980024_summary.csv
2,0.496,seeded_ic_v1,24980025,pinv,pinv_bounded_wls_w1_1_1_0.2_lambda1e-06,4167,9.83632493019104,2700,2604,True,True,15.036096096038818,5.199771165847778,adaptive_brake,0.32137608528137207,0.028623914718627907,0.008135820657722202,0.016514571383595467,0.0780885353706525,0.012467746917906463,True,True,True,True,True,65535,32505,32505,2,-4719.640625,117963.640625,623406528.0,results/final/pinv_baseline/seeded_eta0p496/production_30/summaries/qp_event_allocator_m2_eta0p496_seededpinv_pinv_m2_eta0p496_seed24980025_summary.csv
2,0.496,seeded_ic_v1,24980026,pinv,pinv_bounded_wls_w1_1_1_0.2_lambda1e-06,4206,10.084256649017334,2700,2616,True,True,15.225499629974365,5.141242980957031,adaptive_brake,0.3308779001235962,0.019122099876403786,0.0078104146748002755,0.03163133189082146,0.07694088663931123,0.04360326314627083,True,True,True,True,True,65535,32505,32505,2,-4719.640625,117963.640625,623406592.0,results/final/pinv_baseline/seeded_eta0p496/production_30/summaries/qp_event_allocator_m2_eta0p496_seededpinv_pinv_m2_eta0p496_seed24980026_summary.csv
2,0.496,seeded_ic_v1,24980027,pinv,pinv_bounded_wls_w1_1_1_0.2_lambda1e-06,4204,10.144891738891602,2689,2602,True,True,15.344064474105835,5.199172735214233,adaptive_brake,0.33111807703971863,0.01888192296028135,0.008364896402074615,0.02445514127612114,0.07392592528788215,0.025289236743661802,True,True,True,True,True,65535,32505,32505,2,-4719.640625,117963.640625,623406656.0,results/final/pinv_baseline/seeded_eta0p496/production_30/summaries/qp_event_allocator_m2_eta0p496_seededpinv_pinv_m2_eta0p496_seed24980027_summary.csv
2,0.496,seeded_ic_v1,24980028,pinv,pinv_bounded_wls_w1_1_1_0.2_lambda1e-06,4092,9.812867641448975,2652,2440,True,True,16.423197031021118,6.6103293895721436,landing_ramp,0.2176855057477951,0.13231449425220487,0.007265523461157232,0.04070597514510155,0.049064962571130945,0.04949055091414528,True,True,True,True,True,65535,32505,32505,2,-4719.640625,117963.640625,623406656.0,results/final/pinv_baseline/seeded_eta0p496/production_30/summaries/qp_event_allocator_m2_eta0p496_seededpinv_pinv_m2_eta0p496_seed24980028_summary.csv
2,0.496,seeded_ic_v1,24980029,pinv,pinv_bounded_wls_w1_1_1_0.2_lambda1e-06,4068,9.820364236831665,2637,2443,True,True,16.525643587112427,6.705279350280762,landing_ramp,0.2215757817029953,0.12842421829700468,0.007178877492787242,0.051430732011795044,0.054428414487320886,0.029557230267699013,True,True,True,True,True,65535,32505,32505,2,-4719.640625,117963.640625,623406592.0,results/final/pinv_baseline/seeded_eta0p496/production_30/summaries/qp_event_allocator_m2_eta0p496_seededpinv_pinv_m2_eta0p496_seed24980029_summary.csv
2,0.496,seeded_ic_v1,24980030,pinv,pinv_bounded_wls_w1_1_1_0.2_lambda1e-06,4119,9.940061807632446,2651,2457,True,True,16.76681160926819,6.826749801635742,landing_ramp,0.21133726835250854,0.13866273164749143,0.0039971039271993825,0.045024074614048004,0.06287195996879237,0.04673930976882874,True,True,True,True,True,65535,32505,32505,2,-4719.640625,117963.640625,623406656.0,results/final/pinv_baseline/seeded_eta0p496/production_30/summaries/qp_event_allocator_m2_eta0p496_seededpinv_pinv_m2_eta0p496_seed24980030_summary.csv
3,0.496,seeded_ic_v1,34980001,pinv,pinv_bounded_wls_w1_1_1_0.2_lambda1e-06,4221,10.18608832359314,2700,2613,True,True,14.986030101776123,4.799941778182983,adaptive_brake,0.3419052064418793,0.008094793558120705,0.009457294914000209,0.003554661525413394,0.08205389252623858,0.031065544222535837,True,True,True,True,True,65535,32505,32505,4,-4719.640625,-117963.640625,623406528.0,results/final/pinv_baseline/seeded_eta0p496/production_30/summaries/qp_event_allocator_m3_eta0p496_seededpinv_pinv_m3_eta0p496_seed34980001_summary.csv
3,0.496,seeded_ic_v1,34980002,pinv,pinv_bounded_wls_w1_1_1_0.2_lambda1e-06,4197,10.038189888000488,2700,2610,True,False,14.79813528060913,4.759945392608643,adaptive_brake,0.35548266768455505,-0.005482667684555076,0.00948619647078158,0.014527236111462116,0.08311880242162072,0.030096627372442605,False,True,True,True,True,65535,32505,32505,4,-4719.640625,-117963.640625,623406528.0,results/final/pinv_baseline/seeded_eta0p496/production_30/summaries/qp_event_allocator_m3_eta0p496_seededpinv_pinv_m3_eta0p496_seed34980002_summary.csv
3,0.496,seeded_ic_v1,34980003,pinv,pinv_bounded_wls_w1_1_1_0.2_lambda1e-06,4079,9.907066106796265,2633,2462,True,True,16.121492624282837,6.214426517486572,landing_ramp,0.25507500767707825,0.09492499232292173,0.008627686710355428,0.06048492342233658,0.054450976985894205,0.037437434724664494,True,True,True,True,True,65535,32505,32505,4,-4719.640625,-117963.640625,623406592.0,results/final/pinv_baseline/seeded_eta0p496/production_30/summaries/qp_event_allocator_m3_eta0p496_seededpinv_pinv_m3_eta0p496_seed34980003_summary.csv
3,0.496,seeded_ic_v1,34980004,pinv,pinv_bounded_wls_w1_1_1_0.2_lambda1e-06,4063,9.771847486495972,2639,2409,True,True,15.858762502670288,6.086915016174316,landing_ramp,0.24665102362632751,0.10334897637367246,0.008463686455721145,0.07092902809381485,0.05338076243246529,0.037060598972988884,True,True,True,True,True,65535,32505,32505,4,-4719.640625,-117963.640625,623406656.0,results/final/pinv_baseline/seeded_eta0p496/production_30/summaries/qp_event_allocator_m3_eta0p496_seededpinv_pinv_m3_eta0p496_seed34980004_summary.csv
3,0.496,seeded_ic_v1,34980005,pinv,pinv_bounded_wls_w1_1_1_0.2_lambda1e-06,4040,9.75979471206665,2622,2416,True,True,15.733807802200317,5.974013090133667,adaptive_brake,0.2498472034931183,0.10015279650688169,0.008571388768409748,0.06362967193126678,0.05554910476648605,0.05002550392231838,True,True,True,True,True,65535,32505,32505,4,-4719.640625,-117963.640625,623406656.0,results/final/pinv_baseline/seeded_eta0p496/production_30/summaries/qp_event_allocator_m3_eta0p496_seededpinv_pinv_m3_eta0p496_seed34980005_summary.csv
3,0.496,seeded_ic_v1,34980006,pinv,pinv_bounded_wls_w1_1_1_0.2_lambda1e-06,4099,10.085862159729004,2632,2428,True,True,16.107314109802246,6.021451950073242,landing_ramp,0.2535965144634247,0.0964034855365753,0.008337413132308466,0.07491204887628555,0.053126320264294605,0.04230121138350518,True,True,True,True,True,65535,32505,32505,4,-4719.640625,-117963.640625,623406592.0,results/final/pinv_baseline/seeded_eta0p496/production_30/summaries/qp_event_allocator_m3_eta0p496_seededpinv_pinv_m3_eta0p496_seed34980006_summary.csv
3,0.496,seeded_ic_v1,34980007,pinv,pinv_bounded_wls_w1_1_1_0.2_lambda1e-06,4094,10.156485795974731,2635,2407,True,True,16.33812689781189,6.181641101837158,landing_ramp,0.2501581311225891,0.09984186887741087,0.008133641391916633,0.07372450083494186,0.05021718832024401,0.04247308146784377,True,True,True,True,True,65535,32505,32505,4,-4719.640625,-117963.640625,623406656.0,results/final/pinv_baseline/seeded_eta0p496/production_30/summaries/qp_event_allocator_m3_eta0p496_seededpinv_pinv_m3_eta0p496_seed34980007_summary.csv
3,0.496,seeded_ic_v1,34980008,pinv,pinv_bounded_wls_w1_1_1_0.2_lambda1e-06,4086,9.881230115890503,2640,2442,True,True,16.059332847595215,6.178102731704712,landing_ramp,0.25106585025787354,0.09893414974212644,0.008335132087583914,0.06271129101514816,0.05230415501894261,0.05996082682180167,True,True,True,True,True,65535,32505,32505,4,-4719.640625,-117963.640625,623406656.0,results/final/pinv_baseline/seeded_eta0p496/production_30/summaries/qp_event_allocator_m3_eta0p496_seededpinv_pinv_m3_eta0p496_seed34980008_summary.csv
3,0.496,seeded_ic_v1,34980009,pinv,pinv_bounded_wls_w1_1_1_0.2_lambda1e-06,4093,9.991877317428589,2637,2456,True,True,16.106872081756592,6.114994764328003,landing_ramp,0.2587767243385315,0.09122327566146848,0.009246166595469847,0.07413015514612198,0.05653962125835369,0.045011991941366986,True,True,True,True,True,65535,32505,32505,4,-4719.640625,-117963.640625,623406592.0,results/final/pinv_baseline/seeded_eta0p496/production_30/summaries/qp_event_allocator_m3_eta0p496_seededpinv_pinv_m3_eta0p496_seed34980009_summary.csv
3,0.496,seeded_ic_v1,34980010,pinv,pinv_bounded_wls_w1_1_1_0.2_lambda1e-06,4134,10.251184463500977,2636,2444,True,True,16.55286192893982,6.301677465438843,landing_ramp,0.24588006734848022,0.10411993265151975,0.008646896729783915,0.06284737586975098,0.04718615615077901,0.07112433759350446,True,True,True,True,True,65535,32505,32505,4,-4719.640625,-117963.640625,623406656.0,results/final/pinv_baseline/seeded_eta0p496/production_30/summaries/qp_event_allocator_m3_eta0p496_seededpinv_pinv_m3_eta0p496_seed34980010_summary.csv
3,0.496,seeded_ic_v1,34980011,pinv,pinv_bounded_wls_w1_1_1_0.2_lambda1e-06,4072,9.838737964630127,2641,2416,True,True,16.02000641822815,6.1812684535980225,landing_ramp,0.2606401741504669,0.08935982584953306,0.008599473131193225,0.06916410475969315,0.056588129964570036,0.03473875040984493,True,True,True,True,True,65535,32505,32505,4,-4719.640625,-117963.640625,623406656.0,results/final/pinv_baseline/seeded_eta0p496/production_30/summaries/qp_event_allocator_m3_eta0p496_seededpinv_pinv_m3_eta0p496_seed34980011_summary.csv
3,0.496,seeded_ic_v1,34980012,pinv,pinv_bounded_wls_w1_1_1_0.2_lambda1e-06,4074,9.782057285308838,2641,2433,True,True,15.84489393234253,6.062836647033691,landing_ramp,0.2429502308368683,0.10704976916313169,0.007879439293442233,0.08442950993776321,0.04761310009455908,0.024181020168299722,True,True,True,True,True,65535,32505,32505,4,-4719.640625,-117963.640625,623406592.0,results/final/pinv_baseline/seeded_eta0p496/production_30/summaries/qp_event_allocator_m3_eta0p496_seededpinv_pinv_m3_eta0p496_seed34980012_summary.csv
3,0.496,seeded_ic_v1,34980013,pinv,pinv_bounded_wls_w1_1_1_0.2_lambda1e-06,4086,9.828465461730957,2646,2457,True,True,15.796035766601562,5.9675703048706055,adaptive_brake,0.24358873069286346,0.10641126930713651,0.008537540121997285,0.05813293159008026,0.05437874273770197,0.005168306487809893,True,True,True,True,True,65535,32505,32505,4,-4719.640625,-117963.640625,623406656.0,results/final/pinv_baseline/seeded_eta0p496/production_30/summaries/qp_event_allocator_m3_eta0p496_seededpinv_pinv_m3_eta0p496_seed34980013_summary.csv
3,0.496,seeded_ic_v1,34980014,pinv,pinv_bounded_wls_w1_1_1_0.2_lambda1e-06,4107,10.097349166870117,2636,2409,True,True,16.08203101158142,5.984681844711304,adaptive_brake,0.25975778698921204,0.09024221301078794,0.00833002678365219,0.07832760363817215,0.047367390752534,0.04677639137218923,True,True,True,True,True,65535,32505,32505,4,-4719.640625,-117963.640625,623406592.0,results/final/pinv_baseline/seeded_eta0p496/production_30/summaries/qp_event_allocator_m3_eta0p496_seededpinv_pinv_m3_eta0p496_seed34980014_summary.csv
3,0.496,seeded_ic_v1,34980015,pinv,pinv_bounded_wls_w1_1_1_0.2_lambda1e-06,4113,9.874746561050415,2658,2457,True,True,15.962876081466675,6.08812952041626,landing_ramp,0.24650226533412933,0.10349773466587064,0.00821088140144303,0.07235407829284668,0.045877970390825355,0.031224454980782555,True,True,True,True,True,65535,32505,32505,4,-4719.640625,-117963.640625,623406528.0,results/final/pinv_baseline/seeded_eta0p496/production_30/summaries/qp_event_allocator_m3_eta0p496_seededpinv_pinv_m3_eta0p496_seed34980015_summary.csv
3,0.496,seeded_ic_v1,34980016,pinv,pinv_bounded_wls_w1_1_1_0.2_lambda1e-06,4092,9.849835872650146,2649,2446,True,True,15.870215654373169,6.0203797817230225,landing_ramp,0.2639675736427307,0.08603242635726926,0.008722737492628216,0.07029503583908081,0.0602116500605885,0.05061588199985149,True,True,True,True,True,65535,32505,32505,4,-4719.640625,-117963.640625,623406656.0,results/final/pinv_baseline/seeded_eta0p496/production_30/summaries/qp_event_allocator_m3_eta0p496_seededpinv_pinv_m3_eta0p496_seed34980016_summary.csv
3,0.496,seeded_ic_v1,34980017,pinv,pinv_bounded_wls_w1_1_1_0.2_lambda1e-06,4089,9.826371669769287,2655,2451,True,True,15.837849855422974,6.0114781856536865,landing_ramp,0.2574276924133301,0.0925723075866699,0.00867539736357014,0.062227651476860046,0.0618677845639073,0.03718869895004366,True,True,True,True,True,65535,32505,32505,4,-4719.640625,-117963.640625,623406656.0,results/final/pinv_baseline/seeded_eta0p496/production_30/summaries/qp_event_allocator_m3_eta0p496_seededpinv_pinv_m3_eta0p496_seed34980017_summary.csv
3,0.496,seeded_ic_v1,34980018,pinv,pinv_bounded_wls_w1_1_1_0.2_lambda1e-06,4062,9.8234121799469,2640,2452,True,True,15.82784914970398,6.00443696975708,landing_ramp,0.2510256767272949,0.09897432327270506,0.008226293841460387,0.06533331423997879,0.05547576447979568,0.033818881796627495,True,True,True,True,True,65535,32505,32505,4,-4719.640625,-117963.640625,623406656.0,results/final/pinv_baseline/seeded_eta0p496/production_30/summaries/qp_event_allocator_m3_eta0p496_seededpinv_pinv_m3_eta0p496_seed34980018_summary.csv
3,0.496,seeded_ic_v1,34980019,pinv,pinv_bounded_wls_w1_1_1_0.2_lambda1e-06,4152,9.774402379989624,2697,2598,True,False,14.409342765808105,4.6349403858184814,adaptive_brake,0.368940144777298,-0.018940144777297996,0.009665798365456672,0.04204459860920906,0.08728545533400953,0.024424306345749682,False,True,True,True,True,65535,32505,32505,4,-4719.640625,-117963.640625,623406656.0,results/final/pinv_baseline/seeded_eta0p496/production_30/summaries/qp_event_allocator_m3_eta0p496_seededpinv_pinv_m3_eta0p496_seed34980019_summary.csv
3,0.496,seeded_ic_v1,34980020,pinv,pinv_bounded_wls_w1_1_1_0.2_lambda1e-06,4176,9.88280963897705,2700,2613,True,False,14.52277421951294,4.639964580535889,adaptive_brake,0.35095030069351196,-0.0009503006935119851,0.009907225705435023,0.01513668429106474,0.08308670284446207,0.004306504872292576,False,True,True,True,True,65535,32505,32505,4,-4719.640625,-117963.640625,623406592.0,results/final/pinv_baseline/seeded_eta0p496/production_30/summaries/qp_event_allocator_m3_eta0p496_seededpinv_pinv_m3_eta0p496_seed34980020_summary.csv
3,0.496,seeded_ic_v1,34980021,pinv,pinv_bounded_wls_w1_1_1_0.2_lambda1e-06,4158,9.76603102684021,2700,2610,True,False,14.527118921279907,4.761087894439697,adaptive_brake,0.35233813524246216,-0.0023381352424621804,0.009125495981368359,0.02251375839114189,0.08197309416955265,0.04161004323552747,False,True,True,True,True,65535,32505,32505,4,-4719.640625,-117963.640625,623406592.0,results/final/pinv_baseline/seeded_eta0p496/production_30/summaries/qp_event_allocator_m3_eta0p496_seededpinv_pinv_m3_eta0p496_seed34980021_summary.csv
3,0.496,seeded_ic_v1,34980022,pinv,pinv_bounded_wls_w1_1_1_0.2_lambda1e-06,4224,10.205769062042236,2700,2610,True,False,14.884130477905273,4.678361415863037,adaptive_brake,0.3618171215057373,-0.011817121505737327,0.010083028817763304,0.024757949635386467,0.09053243225050267,0.00420237546536814,False,True,True,True,True,65535,32505,32505,4,-4719.640625,-117963.640625,623406592.0,results/final/pinv_baseline/seeded_eta0p496/production_30/summaries/qp_event_allocator_m3_eta0p496_seededpinv_pinv_m3_eta0p496_seed34980022_summary.csv
3,0.496,seeded_ic_v1,34980023,pinv,pinv_bounded_wls_w1_1_1_0.2_lambda1e-06,4158,9.787378549575806,2697,2598,True,False,14.473240613937378,4.685862064361572,adaptive_brake,0.3589516282081604,-0.008951628208160423,0.009490474139884133,0.023267239332199097,0.08224385113177173,0.011613507988144303,False,True,True,True,True,65535,32505,32505,4,-4719.640625,-117963.640625,623406656.0,results/final/pinv_baseline/seeded_eta0p496/production_30/summaries/qp_event_allocator_m3_eta0p496_seededpinv_pinv_m3_eta0p496_seed34980023_summary.csv
3,0.496,seeded_ic_v1,34980024,pinv,pinv_bounded_wls_w1_1_1_0.2_lambda1e-06,4179,9.904818534851074,2700,2616,True,True,14.586804151535034,4.68198561668396,adaptive_brake,0.34758999943733215,0.0024100005626678245,0.00987762953698247,0.008868634700775146,0.08506292642453031,0.004654819657072697,True,True,True,True,True,65535,32505,32505,4,-4719.640625,-117963.640625,623406592.0,results/final/pinv_baseline/seeded_eta0p496/production_30/summaries/qp_event_allocator_m3_eta0p496_seededpinv_pinv_m3_eta0p496_seed34980024_summary.csv
3,0.496,seeded_ic_v1,34980025,pinv,pinv_bounded_wls_w1_1_1_0.2_lambda1e-06,4182,9.929329872131348,2700,2613,True,False,14.629345417022705,4.700015544891357,adaptive_brake,0.35440593957901,-0.004405939579010032,0.00978917516743647,0.013561462983489037,0.08657091465851838,0.010745425314652937,False,True,True,True,True,65535,32505,32505,4,-4719.640625,-117963.640625,623406592.0,results/final/pinv_baseline/seeded_eta0p496/production_30/summaries/qp_event_allocator_m3_eta0p496_seededpinv_pinv_m3_eta0p496_seed34980025_summary.csv
3,0.496,seeded_ic_v1,34980026,pinv,pinv_bounded_wls_w1_1_1_0.2_lambda1e-06,4170,9.872454404830933,2700,2613,True,False,14.673600435256958,4.801146030426025,adaptive_brake,0.3640269339084625,-0.014026933908462547,0.009175079822427785,0.02471504919230938,0.08667843028302971,0.035158386308003574,False,True,True,True,True,65535,32505,32505,4,-4719.640625,-117963.640625,623406656.0,results/final/pinv_baseline/seeded_eta0p496/production_30/summaries/qp_event_allocator_m3_eta0p496_seededpinv_pinv_m3_eta0p496_seed34980026_summary.csv
3,0.496,seeded_ic_v1,34980027,pinv,pinv_bounded_wls_w1_1_1_0.2_lambda1e-06,4167,9.855158805847168,2697,2601,True,False,14.597177505493164,4.742018699645996,adaptive_brake,0.35126081109046936,-0.0012608110904693826,0.009115075593024949,0.017450958490371704,0.0864573658990764,0.04466512137020668,False,True,True,True,True,65535,32505,32505,4,-4719.640625,-117963.640625,623406656.0,results/final/pinv_baseline/seeded_eta0p496/production_30/summaries/qp_event_allocator_m3_eta0p496_seededpinv_pinv_m3_eta0p496_seed34980027_summary.csv
3,0.496,seeded_ic_v1,34980028,pinv,pinv_bounded_wls_w1_1_1_0.2_lambda1e-06,4176,9.883722066879272,2700,2613,True,True,14.643702030181885,4.759979963302612,adaptive_brake,0.3448444604873657,0.005155539512634255,0.00886695367654873,0.020664546638727188,0.08098453480962908,0.0394801950974076,True,True,True,True,True,65535,32505,32505,4,-4719.640625,-117963.640625,623406656.0,results/final/pinv_baseline/seeded_eta0p496/production_30/summaries/qp_event_allocator_m3_eta0p496_seededpinv_pinv_m3_eta0p496_seed34980028_summary.csv
3,0.496,seeded_ic_v1,34980029,pinv,pinv_bounded_wls_w1_1_1_0.2_lambda1e-06,4221,10.185965061187744,2700,2610,True,False,14.965967655181885,4.780002593994141,adaptive_brake,0.35804861783981323,-0.008048617839813255,0.009109613397325312,0.018443556502461433,0.08416951873479168,0.013146333084449653,False,True,True,True,True,65535,32505,32505,4,-4719.640625,-117963.640625,623406528.0,results/final/pinv_baseline/seeded_eta0p496/production_30/summaries/qp_event_allocator_m3_eta0p496_seededpinv_pinv_m3_eta0p496_seed34980029_summary.csv
3,0.496,seeded_ic_v1,34980030,pinv,pinv_bounded_wls_w1_1_1_0.2_lambda1e-06,4197,10.025963306427002,2700,2619,True,False,14.706833839416504,4.680870532989502,adaptive_brake,0.3555225729942322,-0.0055225729942322,0.00985964111561682,0.022121049463748932,0.08527628600275593,0.019566647444520933,False,True,True,True,True,65535,32505,32505,4,-4719.640625,-117963.640625,623406656.0,results/final/pinv_baseline/seeded_eta0p496/production_30/summaries/qp_event_allocator_m3_eta0p496_seededpinv_pinv_m3_eta0p496_seed34980030_summary.csv
4,0.496,seeded_ic_v1,44980001,pinv,pinv_bounded_wls_w1_1_1_0.2_lambda1e-06,4164,9.805667400360107,2700,2613,True,False,14.226656913757324,4.420989513397217,adaptive_brake,0.37178531289100647,-0.021785312891006492,0.008684175208572488,0.01676201820373535,0.08103201560792558,0.011741062644889525,False,True,True,True,True,65535,32505,32505,8,-4719.640625,117963.640625,623406656.0,results/final/pinv_baseline/seeded_eta0p496/production_30/summaries/qp_event_allocator_m4_eta0p496_seededpinv_pinv_m4_eta0p496_seed44980001_summary.csv
4,0.496,seeded_ic_v1,44980002,pinv,pinv_bounded_wls_w1_1_1_0.2_lambda1e-06,4212,10.1289381980896,2700,2616,True,False,14.388861179351807,4.259922981262207,adaptive_brake,0.3778379559516907,-0.027837955951690696,0.009510604861801346,0.044140398502349854,0.08688608590308278,0.026402868310496628,False,True,True,True,True,65535,32505,32505,8,-4719.640625,117963.640625,623406656.0,results/final/pinv_baseline/seeded_eta0p496/production_30/summaries/qp_event_allocator_m4_eta0p496_seededpinv_pinv_m4_eta0p496_seed44980002_summary.csv
4,0.496,seeded_ic_v1,44980003,pinv,pinv_bounded_wls_w1_1_1_0.2_lambda1e-06,4188,9.965150356292725,2700,2619,True,False,14.285380840301514,4.320230484008789,adaptive_brake,0.38017258048057556,-0.030172580480575584,0.009160042002802012,0.03276512026786804,0.0860746394753116,0.03077062064098034,False,True,True,True,True,65535,32505,32505,8,-4719.640625,117963.640625,623406528.0,results/final/pinv_baseline/seeded_eta0p496/production_30/summaries/qp_event_allocator_m4_eta0p496_seededpinv_pinv_m4_eta0p496_seed44980003_summary.csv
4,0.496,seeded_ic_v1,44980004,pinv,pinv_bounded_wls_w1_1_1_0.2_lambda1e-06,4206,10.085391521453857,2700,2613,True,False,14.363951921463013,4.278560400009155,adaptive_brake,0.37624454498291016,-0.02624454498291018,0.008898078718535223,0.05001188814640045,0.09165257640198973,0.02075493717787807,False,True,True,True,True,65535,32505,32505,8,-4719.640625,117963.640625,623406592.0,results/final/pinv_baseline/seeded_eta0p496/production_30/summaries/qp_event_allocator_m4_eta0p496_seededpinv_pinv_m4_eta0p496_seed44980004_summary.csv
4,0.496,seeded_ic_v1,44980005,pinv,pinv_bounded_wls_w1_1_1_0.2_lambda1e-06,4176,9.885726690292358,2700,2613,True,False,14.167778730392456,4.282052040100098,adaptive_brake,0.38730573654174805,-0.03730573654174807,0.008794274162621235,0.05380896106362343,0.0853081444306175,0.04078110382379294,False,True,True,True,True,65535,32505,32505,8,-4719.640625,117963.640625,623406656.0,results/final/pinv_baseline/seeded_eta0p496/production_30/summaries/qp_event_allocator_m4_eta0p496_seededpinv_pinv_m4_eta0p496_seed44980005_summary.csv
4,0.496,seeded_ic_v1,44980006,pinv,pinv_bounded_wls_w1_1_1_0.2_lambda1e-06,4209,10.129579305648804,2697,2607,True,False,14.54378604888916,4.4142067432403564,adaptive_brake,0.38027140498161316,-0.03027140498161318,0.009515923349687991,0.015010731294751167,0.08426758758706819,0.03221666464719179,False,True,True,True,True,65535,32505,32505,8,-4719.640625,117963.640625,623406592.0,results/final/pinv_baseline/seeded_eta0p496/production_30/summaries/qp_event_allocator_m4_eta0p496_seededpinv_pinv_m4_eta0p496_seed44980006_summary.csv
4,0.496,seeded_ic_v1,44980007,pinv,pinv_bounded_wls_w1_1_1_0.2_lambda1e-06,4209,10.10289740562439,2700,2610,True,False,14.423946619033813,4.321049213409424,adaptive_brake,0.3854575753211975,-0.03545757532119753,0.00957415332267204,0.03053625114262104,0.08633767392589342,0.042383105734719276,False,True,True,True,True,65535,32505,32505,8,-4719.640625,117963.640625,623406656.0,results/final/pinv_baseline/seeded_eta0p496/production_30/summaries/qp_event_allocator_m4_eta0p496_seededpinv_pinv_m4_eta0p496_seed44980007_summary.csv
4,0.496,seeded_ic_v1,44980008,pinv,pinv_bounded_wls_w1_1_1_0.2_lambda1e-06,4185,9.945624113082886,2700,2613,True,False,14.28573226928711,4.340108156204224,adaptive_brake,0.3737972378730774,-0.023797237873077415,0.008919682708802001,0.034715861082077026,0.08844958957380179,0.01779923132531195,False,True,True,True,True,65535,32505,32505,8,-4719.640625,117963.640625,623406656.0,results/final/pinv_baseline/seeded_eta0p496/production_30/summaries/qp_event_allocator_m4_eta0p496_seededpinv_pinv_m4_eta0p496_seed44980008_summary.csv
4,0.496,seeded_ic_v1,44980009,pinv,pinv_bounded_wls_w1_1_1_0.2_lambda1e-06,4230,10.245916366577148,2700,2616,True,False,14.564851760864258,4.318935394287109,adaptive_brake,0.3747914135456085,-0.024791413545608543,0.009029856365141985,0.0323711633682251,0.08633920437368942,0.06089351881901439,False,True,True,True,True,65535,32505,32505,8,-4719.640625,117963.640625,623406592.0,results/final/pinv_baseline/seeded_eta0p496/production_30/summaries/qp_event_allocator_m4_eta0p496_seededpinv_pinv_m4_eta0p496_seed44980009_summary.csv
4,0.496,seeded_ic_v1,44980010,pinv,pinv_bounded_wls_w1_1_1_0.2_lambda1e-06,4167,9.823866844177246,2700,2610,True,False,14.124840259552002,4.300973415374756,adaptive_brake,0.38209566473960876,-0.03209566473960879,0.008699460728946864,0.04825450852513313,0.0895854262440099,0.03767335566273726,False,True,True,True,True,65535,32505,32505,8,-4719.640625,117963.640625,623406656.0,results/final/pinv_baseline/seeded_eta0p496/production_30/summaries/qp_event_allocator_m4_eta0p496_seededpinv_pinv_m4_eta0p496_seed44980010_summary.csv
4,0.496,seeded_ic_v1,44980011,pinv,pinv_bounded_wls_w1_1_1_0.2_lambda1e-06,4221,10.185449361801147,2700,2613,True,False,14.626667976379395,4.441218614578247,adaptive_brake,0.3661099970340729,-0.016109997034072898,0.008855797424002054,0.013277634978294373,0.08139232589510302,0.037857110659324275,False,True,True,True,True,65535,32505,32505,8,-4719.640625,117963.640625,623406528.0,results/final/pinv_baseline/seeded_eta0p496/production_30/summaries/qp_event_allocator_m4_eta0p496_seededpinv_pinv_m4_eta0p496_seed44980011_summary.csv
4,0.496,seeded_ic_v1,44980012,pinv,pinv_bounded_wls_w1_1_1_0.2_lambda1e-06,4167,9.825654983520508,2700,2610,True,False,14.266331911087036,4.440676927566528,adaptive_brake,0.3757936358451843,-0.02579363584518435,0.009617010785229618,0.001118905027396977,0.08316085177253504,0.007173684118687009,False,True,True,True,True,65535,32505,32505,8,-4719.640625,117963.640625,623406720.0,results/final/pinv_baseline/seeded_eta0p496/production_30/summaries/qp_event_allocator_m4_eta0p496_seededpinv_pinv_m4_eta0p496_seed44980012_summary.csv
4,0.496,seeded_ic_v1,44980013,pinv,pinv_bounded_wls_w1_1_1_0.2_lambda1e-06,4227,10.223773002624512,2700,2622,True,False,14.503722906112671,4.279949903488159,adaptive_brake,0.37521806359291077,-0.02521806359291079,0.008851324312431557,0.046721771359443665,0.0866998970158349,0.003772288474177102,False,True,True,True,True,65535,32505,32505,8,-4719.640625,117963.640625,623406592.0,results/final/pinv_baseline/seeded_eta0p496/production_30/summaries/qp_event_allocator_m4_eta0p496_seededpinv_pinv_m4_eta0p496_seed44980013_summary.csv
4,0.496,seeded_ic_v1,44980014,pinv,pinv_bounded_wls_w1_1_1_0.2_lambda1e-06,4161,9.786217212677002,2700,2619,True,False,14.16468596458435,4.378468751907349,adaptive_brake,0.38069969415664673,-0.03069969415664675,0.009276477261098192,0.021931873634457588,0.08731867082701546,0.04485507871926534,False,True,True,True,True,65535,32505,32505,8,-4719.640625,117963.640625,623406656.0,results/final/pinv_baseline/seeded_eta0p496/production_30/summaries/qp_event_allocator_m4_eta0p496_seededpinv_pinv_m4_eta0p496_seed44980014_summary.csv
4,0.496,seeded_ic_v1,44980015,pinv,pinv_bounded_wls_w1_1_1_0.2_lambda1e-06,4176,9.89187240600586,2700,2619,True,False,14.270249605178833,4.378377199172974,adaptive_brake,0.3781280815601349,-0.02812808156013491,0.009521282987646488,0.017573073506355286,0.07992938877059085,0.018625436408786007,False,True,True,True,True,65535,32505,32505,8,-4719.640625,117963.640625,623406592.0,results/final/pinv_baseline/seeded_eta0p496/production_30/summaries/qp_event_allocator_m4_eta0p496_seededpinv_pinv_m4_eta0p496_seed44980015_summary.csv
4,0.496,seeded_ic_v1,44980016,pinv,pinv_bounded_wls_w1_1_1_0.2_lambda1e-06,4212,10.127102136611938,2700,2604,True,False,14.468257427215576,4.341155290603638,adaptive_brake,0.3744601309299469,-0.02446013092994692,0.009525830972346142,0.025247279554605484,0.08530763465357379,0.03901141615605306,False,True,True,True,True,65535,32505,32505,8,-4719.640625,117963.640625,623406592.0,results/final/pinv_baseline/seeded_eta0p496/production_30/summaries/qp_event_allocator_m4_eta0p496_seededpinv_pinv_m4_eta0p496_seed44980016_summary.csv
4,0.496,seeded_ic_v1,44980017,pinv,pinv_bounded_wls_w1_1_1_0.2_lambda1e-06,4185,9.946429014205933,2700,2607,True,False,14.225258827209473,4.27882981300354,adaptive_brake,0.3849601745605469,-0.0349601745605469,0.009631128895851814,0.03037419356405735,0.08567566042049127,0.013959758131041826,False,True,True,True,True,65535,32505,32505,8,-4719.640625,117963.640625,623406592.0,results/final/pinv_baseline/seeded_eta0p496/production_30/summaries/qp_event_allocator_m4_eta0p496_seededpinv_pinv_m4_eta0p496_seed44980017_summary.csv
4,0.496,seeded_ic_v1,44980018,pinv,pinv_bounded_wls_w1_1_1_0.2_lambda1e-06,4194,9.99519968032837,2702,2625,True,False,14.372338056564331,4.377138376235962,adaptive_brake,0.3647366464138031,-0.014736646413803123,0.009077744087948685,0.019968217238783836,0.0846785737803842,0.05220902357780809,False,True,True,True,True,65535,32505,32505,8,-4719.640625,117963.640625,623406592.0,results/final/pinv_baseline/seeded_eta0p496/production_30/summaries/qp_event_allocator_m4_eta0p496_seededpinv_pinv_m4_eta0p496_seed44980018_summary.csv
4,0.496,seeded_ic_v1,44980019,pinv,pinv_bounded_wls_w1_1_1_0.2_lambda1e-06,4227,10.2245032787323,2700,2616,True,False,14.526453495025635,4.301950216293335,adaptive_brake,0.38803911209106445,-0.038039112091064475,0.009166393711646474,0.04331769794225693,0.08433154489467853,0.026230616675767374,False,True,True,True,True,65535,32505,32505,8,-4719.640625,117963.640625,623406528.0,results/final/pinv_baseline/seeded_eta0p496/production_30/summaries/qp_event_allocator_m4_eta0p496_seededpinv_pinv_m4_eta0p496_seed44980019_summary.csv
4,0.496,seeded_ic_v1,44980020,pinv,pinv_bounded_wls_w1_1_1_0.2_lambda1e-06,4182,9.927984237670898,2700,2610,True,False,14.328017473220825,4.400033235549927,adaptive_brake,0.3635251522064209,-0.01352515220642092,0.009218765357836316,0.022210653871297836,0.08599345621995569,0.022399313516469604,False,True,True,True,True,65535,32505,32505,8,-4719.640625,117963.640625,623406656.0,results/final/pinv_baseline/seeded_eta0p496/production_30/summaries/qp_event_allocator_m4_eta0p496_seededpinv_pinv_m4_eta0p496_seed44980020_summary.csv
4,0.496,seeded_ic_v1,44980021,pinv,pinv_bounded_wls_w1_1_1_0.2_lambda1e-06,4173,9.865469932556152,2700,2610,True,False,14.204456567764282,4.33898663520813,adaptive_brake,0.36391863226890564,-0.013918632268905662,0.009274038704578142,0.030530067160725594,0.08635617533870868,0.01420087717579717,False,True,True,True,True,65535,32505,32505,8,-4719.640625,117963.640625,623406656.0,results/final/pinv_baseline/seeded_eta0p496/production_30/summaries/qp_event_allocator_m4_eta0p496_seededpinv_pinv_m4_eta0p496_seed44980021_summary.csv
4,0.496,seeded_ic_v1,44980022,pinv,pinv_bounded_wls_w1_1_1_0.2_lambda1e-06,4230,10.24514389038086,2700,2613,True,False,14.545157194137573,4.300013303756714,adaptive_brake,0.362041175365448,-0.01204117536544802,0.00909196069677858,0.03240228816866875,0.08846062285068898,0.015204803426218765,False,True,True,True,True,65535,32505,32505,8,-4719.640625,117963.640625,623406592.0,results/final/pinv_baseline/seeded_eta0p496/production_30/summaries/qp_event_allocator_m4_eta0p496_seededpinv_pinv_m4_eta0p496_seed44980022_summary.csv
4,0.496,seeded_ic_v1,44980023,pinv,pinv_bounded_wls_w1_1_1_0.2_lambda1e-06,4170,9.853915452957153,2700,2613,True,False,14.13382863998413,4.2799131870269775,adaptive_brake,0.38277754187583923,-0.032777541875839256,0.009160679381847522,0.0453697144985199,0.08424350150451447,0.01306579929529889,False,True,True,True,True,65535,32505,32505,8,-4719.640625,117963.640625,623406592.0,results/final/pinv_baseline/seeded_eta0p496/production_30/summaries/qp_event_allocator_m4_eta0p496_seededpinv_pinv_m4_eta0p496_seed44980023_summary.csv
4,0.496,seeded_ic_v1,44980024,pinv,pinv_bounded_wls_w1_1_1_0.2_lambda1e-06,4197,10.027580976486206,2700,2616,True,False,14.36740756034851,4.339826583862305,adaptive_brake,0.36468803882598877,-0.014688038825988792,0.008753166511772319,0.03168261796236038,0.08581417491316,0.04630404855609278,False,True,True,True,True,65535,32505,32505,8,-4719.640625,117963.640625,623406592.0,results/final/pinv_baseline/seeded_eta0p496/production_30/summaries/qp_event_allocator_m4_eta0p496_seededpinv_pinv_m4_eta0p496_seed44980024_summary.csv
4,0.496,seeded_ic_v1,44980025,pinv,pinv_bounded_wls_w1_1_1_0.2_lambda1e-06,4182,9.947865009307861,2697,2610,True,False,14.187664270401001,4.23979926109314,adaptive_brake,0.37624022364616394,-0.026240223646163963,0.00900269347699198,0.04309554398059845,0.08748100871980036,0.035471849445653146,False,True,True,True,True,65535,32505,32505,8,-4719.640625,117963.640625,623406656.0,results/final/pinv_baseline/seeded_eta0p496/production_30/summaries/qp_event_allocator_m4_eta0p496_seededpinv_pinv_m4_eta0p496_seed44980025_summary.csv
4,0.496,seeded_ic_v1,44980026,pinv,pinv_bounded_wls_w1_1_1_0.2_lambda1e-06,4206,10.08533239364624,2700,2613,True,False,14.465215921401978,4.379883527755737,adaptive_brake,0.3637312054634094,-0.013731205463409446,0.008921037625829301,0.031112253665924072,0.08905546922007257,0.021467021755220732,False,True,True,True,True,65535,32505,32505,8,-4719.640625,117963.640625,623406592.0,results/final/pinv_baseline/seeded_eta0p496/production_30/summaries/qp_event_allocator_m4_eta0p496_seededpinv_pinv_m4_eta0p496_seed44980026_summary.csv
4,0.496,seeded_ic_v1,44980027,pinv,pinv_bounded_wls_w1_1_1_0.2_lambda1e-06,4188,9.96321153640747,2700,2610,True,False,14.325260162353516,4.362048625946045,adaptive_brake,0.37994682788848877,-0.029946827888488792,0.008784710739217577,0.03186916559934616,0.0820960446326858,0.03450749811453714,False,True,True,True,True,65535,32505,32505,8,-4719.640625,117963.640625,623406656.0,results/final/pinv_baseline/seeded_eta0p496/production_30/summaries/qp_event_allocator_m4_eta0p496_seededpinv_pinv_m4_eta0p496_seed44980027_summary.csv
4,0.496,seeded_ic_v1,44980028,pinv,pinv_bounded_wls_w1_1_1_0.2_lambda1e-06,4167,9.8236665725708,2700,2616,True,False,14.163641691207886,4.339975118637085,adaptive_brake,0.3788995146751404,-0.028899514675140403,0.009129212419634386,0.028619294986128807,0.09044050616021952,0.025544302527971775,False,True,True,True,True,65535,32505,32505,8,-4719.640625,117963.640625,623406656.0,results/final/pinv_baseline/seeded_eta0p496/production_30/summaries/qp_event_allocator_m4_eta0p496_seededpinv_pinv_m4_eta0p496_seed44980028_summary.csv
4,0.496,seeded_ic_v1,44980029,pinv,pinv_bounded_wls_w1_1_1_0.2_lambda1e-06,4206,10.086179733276367,2700,2622,True,False,14.465511798858643,4.379332065582275,adaptive_brake,0.37620511651039124,-0.026205116510391258,0.008877101763423488,0.02625250071287155,0.08627002260922984,0.013580356254259062,False,True,True,True,True,65535,32505,32505,8,-4719.640625,117963.640625,623406592.0,results/final/pinv_baseline/seeded_eta0p496/production_30/summaries/qp_event_allocator_m4_eta0p496_seededpinv_pinv_m4_eta0p496_seed44980029_summary.csv
4,0.496,seeded_ic_v1,44980030,pinv,pinv_bounded_wls_w1_1_1_0.2_lambda1e-06,4173,9.865356683731079,2700,2607,True,False,14.207456350326538,4.342099666595459,adaptive_brake,0.3709125816822052,-0.020912581682205222,0.009183942694128111,0.024029625579714775,0.08206831966380908,0.04165014433902812,False,True,True,True,True,65535,32505,32505,8,-4719.640625,117963.640625,623406528.0,results/final/pinv_baseline/seeded_eta0p496/production_30/summaries/qp_event_allocator_m4_eta0p496_seededpinv_pinv_m4_eta0p496_seed44980030_summary.csv
