protocol_id,stage,motor,controller,policy_id,eta,rep,trial_seed,ic_protocol,plant_parameter,plant_factor
nominal_m2_boundary_localization_v1,coarse_localization,2,pinv,bounded_fault_aware_wls,0.486000,1,62800001,seeded_ic_v1,nominal,1.0
nominal_m2_boundary_localization_v1,coarse_localization,2,pinv,bounded_fault_aware_wls,0.486000,2,62800002,seeded_ic_v1,nominal,1.0
nominal_m2_boundary_localization_v1,coarse_localization,2,pinv,bounded_fault_aware_wls,0.486000,3,62800003,seeded_ic_v1,nominal,1.0
nominal_m2_boundary_localization_v1,coarse_localization,2,pinv,bounded_fault_aware_wls,0.486000,4,62800004,seeded_ic_v1,nominal,1.0
nominal_m2_boundary_localization_v1,coarse_localization,2,pinv,bounded_fault_aware_wls,0.486000,5,62800005,seeded_ic_v1,nominal,1.0
nominal_m2_boundary_localization_v1,coarse_localization,2,pinv,bounded_fault_aware_wls,0.486000,6,62800006,seeded_ic_v1,nominal,1.0
nominal_m2_boundary_localization_v1,coarse_localization,2,pinv,bounded_fault_aware_wls,0.486000,7,62800007,seeded_ic_v1,nominal,1.0
nominal_m2_boundary_localization_v1,coarse_localization,2,pinv,bounded_fault_aware_wls,0.486000,8,62800008,seeded_ic_v1,nominal,1.0
nominal_m2_boundary_localization_v1,coarse_localization,2,pinv,bounded_fault_aware_wls,0.486000,9,62800009,seeded_ic_v1,nominal,1.0
nominal_m2_boundary_localization_v1,coarse_localization,2,pinv,bounded_fault_aware_wls,0.486000,10,62800010,seeded_ic_v1,nominal,1.0
nominal_m2_boundary_localization_v1,coarse_localization,2,pinv,bounded_fault_aware_wls,0.486000,11,62800011,seeded_ic_v1,nominal,1.0
nominal_m2_boundary_localization_v1,coarse_localization,2,pinv,bounded_fault_aware_wls,0.486000,12,62800012,seeded_ic_v1,nominal,1.0
nominal_m2_boundary_localization_v1,coarse_localization,2,pinv,bounded_fault_aware_wls,0.488000,1,62800001,seeded_ic_v1,nominal,1.0
nominal_m2_boundary_localization_v1,coarse_localization,2,pinv,bounded_fault_aware_wls,0.488000,2,62800002,seeded_ic_v1,nominal,1.0
nominal_m2_boundary_localization_v1,coarse_localization,2,pinv,bounded_fault_aware_wls,0.488000,3,62800003,seeded_ic_v1,nominal,1.0
nominal_m2_boundary_localization_v1,coarse_localization,2,pinv,bounded_fault_aware_wls,0.488000,4,62800004,seeded_ic_v1,nominal,1.0
nominal_m2_boundary_localization_v1,coarse_localization,2,pinv,bounded_fault_aware_wls,0.488000,5,62800005,seeded_ic_v1,nominal,1.0
nominal_m2_boundary_localization_v1,coarse_localization,2,pinv,bounded_fault_aware_wls,0.488000,6,62800006,seeded_ic_v1,nominal,1.0
nominal_m2_boundary_localization_v1,coarse_localization,2,pinv,bounded_fault_aware_wls,0.488000,7,62800007,seeded_ic_v1,nominal,1.0
nominal_m2_boundary_localization_v1,coarse_localization,2,pinv,bounded_fault_aware_wls,0.488000,8,62800008,seeded_ic_v1,nominal,1.0
nominal_m2_boundary_localization_v1,coarse_localization,2,pinv,bounded_fault_aware_wls,0.488000,9,62800009,seeded_ic_v1,nominal,1.0
nominal_m2_boundary_localization_v1,coarse_localization,2,pinv,bounded_fault_aware_wls,0.488000,10,62800010,seeded_ic_v1,nominal,1.0
nominal_m2_boundary_localization_v1,coarse_localization,2,pinv,bounded_fault_aware_wls,0.488000,11,62800011,seeded_ic_v1,nominal,1.0
nominal_m2_boundary_localization_v1,coarse_localization,2,pinv,bounded_fault_aware_wls,0.488000,12,62800012,seeded_ic_v1,nominal,1.0
nominal_m2_boundary_localization_v1,coarse_localization,2,pinv,bounded_fault_aware_wls,0.490000,1,62800001,seeded_ic_v1,nominal,1.0
nominal_m2_boundary_localization_v1,coarse_localization,2,pinv,bounded_fault_aware_wls,0.490000,2,62800002,seeded_ic_v1,nominal,1.0
nominal_m2_boundary_localization_v1,coarse_localization,2,pinv,bounded_fault_aware_wls,0.490000,3,62800003,seeded_ic_v1,nominal,1.0
nominal_m2_boundary_localization_v1,coarse_localization,2,pinv,bounded_fault_aware_wls,0.490000,4,62800004,seeded_ic_v1,nominal,1.0
nominal_m2_boundary_localization_v1,coarse_localization,2,pinv,bounded_fault_aware_wls,0.490000,5,62800005,seeded_ic_v1,nominal,1.0
nominal_m2_boundary_localization_v1,coarse_localization,2,pinv,bounded_fault_aware_wls,0.490000,6,62800006,seeded_ic_v1,nominal,1.0
nominal_m2_boundary_localization_v1,coarse_localization,2,pinv,bounded_fault_aware_wls,0.490000,7,62800007,seeded_ic_v1,nominal,1.0
nominal_m2_boundary_localization_v1,coarse_localization,2,pinv,bounded_fault_aware_wls,0.490000,8,62800008,seeded_ic_v1,nominal,1.0
nominal_m2_boundary_localization_v1,coarse_localization,2,pinv,bounded_fault_aware_wls,0.490000,9,62800009,seeded_ic_v1,nominal,1.0
nominal_m2_boundary_localization_v1,coarse_localization,2,pinv,bounded_fault_aware_wls,0.490000,10,62800010,seeded_ic_v1,nominal,1.0
nominal_m2_boundary_localization_v1,coarse_localization,2,pinv,bounded_fault_aware_wls,0.490000,11,62800011,seeded_ic_v1,nominal,1.0
nominal_m2_boundary_localization_v1,coarse_localization,2,pinv,bounded_fault_aware_wls,0.490000,12,62800012,seeded_ic_v1,nominal,1.0
nominal_m2_boundary_localization_v1,coarse_localization,2,pinv,bounded_fault_aware_wls,0.492000,1,62800001,seeded_ic_v1,nominal,1.0
nominal_m2_boundary_localization_v1,coarse_localization,2,pinv,bounded_fault_aware_wls,0.492000,2,62800002,seeded_ic_v1,nominal,1.0
nominal_m2_boundary_localization_v1,coarse_localization,2,pinv,bounded_fault_aware_wls,0.492000,3,62800003,seeded_ic_v1,nominal,1.0
nominal_m2_boundary_localization_v1,coarse_localization,2,pinv,bounded_fault_aware_wls,0.492000,4,62800004,seeded_ic_v1,nominal,1.0
nominal_m2_boundary_localization_v1,coarse_localization,2,pinv,bounded_fault_aware_wls,0.492000,5,62800005,seeded_ic_v1,nominal,1.0
nominal_m2_boundary_localization_v1,coarse_localization,2,pinv,bounded_fault_aware_wls,0.492000,6,62800006,seeded_ic_v1,nominal,1.0
nominal_m2_boundary_localization_v1,coarse_localization,2,pinv,bounded_fault_aware_wls,0.492000,7,62800007,seeded_ic_v1,nominal,1.0
nominal_m2_boundary_localization_v1,coarse_localization,2,pinv,bounded_fault_aware_wls,0.492000,8,62800008,seeded_ic_v1,nominal,1.0
nominal_m2_boundary_localization_v1,coarse_localization,2,pinv,bounded_fault_aware_wls,0.492000,9,62800009,seeded_ic_v1,nominal,1.0
nominal_m2_boundary_localization_v1,coarse_localization,2,pinv,bounded_fault_aware_wls,0.492000,10,62800010,seeded_ic_v1,nominal,1.0
nominal_m2_boundary_localization_v1,coarse_localization,2,pinv,bounded_fault_aware_wls,0.492000,11,62800011,seeded_ic_v1,nominal,1.0
nominal_m2_boundary_localization_v1,coarse_localization,2,pinv,bounded_fault_aware_wls,0.492000,12,62800012,seeded_ic_v1,nominal,1.0
nominal_m2_boundary_localization_v1,coarse_localization,2,pinv,bounded_fault_aware_wls,0.494000,1,62800001,seeded_ic_v1,nominal,1.0
nominal_m2_boundary_localization_v1,coarse_localization,2,pinv,bounded_fault_aware_wls,0.494000,2,62800002,seeded_ic_v1,nominal,1.0
nominal_m2_boundary_localization_v1,coarse_localization,2,pinv,bounded_fault_aware_wls,0.494000,3,62800003,seeded_ic_v1,nominal,1.0
nominal_m2_boundary_localization_v1,coarse_localization,2,pinv,bounded_fault_aware_wls,0.494000,4,62800004,seeded_ic_v1,nominal,1.0
nominal_m2_boundary_localization_v1,coarse_localization,2,pinv,bounded_fault_aware_wls,0.494000,5,62800005,seeded_ic_v1,nominal,1.0
nominal_m2_boundary_localization_v1,coarse_localization,2,pinv,bounded_fault_aware_wls,0.494000,6,62800006,seeded_ic_v1,nominal,1.0
nominal_m2_boundary_localization_v1,coarse_localization,2,pinv,bounded_fault_aware_wls,0.494000,7,62800007,seeded_ic_v1,nominal,1.0
nominal_m2_boundary_localization_v1,coarse_localization,2,pinv,bounded_fault_aware_wls,0.494000,8,62800008,seeded_ic_v1,nominal,1.0
nominal_m2_boundary_localization_v1,coarse_localization,2,pinv,bounded_fault_aware_wls,0.494000,9,62800009,seeded_ic_v1,nominal,1.0
nominal_m2_boundary_localization_v1,coarse_localization,2,pinv,bounded_fault_aware_wls,0.494000,10,62800010,seeded_ic_v1,nominal,1.0
nominal_m2_boundary_localization_v1,coarse_localization,2,pinv,bounded_fault_aware_wls,0.494000,11,62800011,seeded_ic_v1,nominal,1.0
nominal_m2_boundary_localization_v1,coarse_localization,2,pinv,bounded_fault_aware_wls,0.494000,12,62800012,seeded_ic_v1,nominal,1.0
nominal_m2_boundary_localization_v1,coarse_localization,2,pinv,bounded_fault_aware_wls,0.496000,1,62800001,seeded_ic_v1,nominal,1.0
nominal_m2_boundary_localization_v1,coarse_localization,2,pinv,bounded_fault_aware_wls,0.496000,2,62800002,seeded_ic_v1,nominal,1.0
nominal_m2_boundary_localization_v1,coarse_localization,2,pinv,bounded_fault_aware_wls,0.496000,3,62800003,seeded_ic_v1,nominal,1.0
nominal_m2_boundary_localization_v1,coarse_localization,2,pinv,bounded_fault_aware_wls,0.496000,4,62800004,seeded_ic_v1,nominal,1.0
nominal_m2_boundary_localization_v1,coarse_localization,2,pinv,bounded_fault_aware_wls,0.496000,5,62800005,seeded_ic_v1,nominal,1.0
nominal_m2_boundary_localization_v1,coarse_localization,2,pinv,bounded_fault_aware_wls,0.496000,6,62800006,seeded_ic_v1,nominal,1.0
nominal_m2_boundary_localization_v1,coarse_localization,2,pinv,bounded_fault_aware_wls,0.496000,7,62800007,seeded_ic_v1,nominal,1.0
nominal_m2_boundary_localization_v1,coarse_localization,2,pinv,bounded_fault_aware_wls,0.496000,8,62800008,seeded_ic_v1,nominal,1.0
nominal_m2_boundary_localization_v1,coarse_localization,2,pinv,bounded_fault_aware_wls,0.496000,9,62800009,seeded_ic_v1,nominal,1.0
nominal_m2_boundary_localization_v1,coarse_localization,2,pinv,bounded_fault_aware_wls,0.496000,10,62800010,seeded_ic_v1,nominal,1.0
nominal_m2_boundary_localization_v1,coarse_localization,2,pinv,bounded_fault_aware_wls,0.496000,11,62800011,seeded_ic_v1,nominal,1.0
nominal_m2_boundary_localization_v1,coarse_localization,2,pinv,bounded_fault_aware_wls,0.496000,12,62800012,seeded_ic_v1,nominal,1.0
nominal_m2_boundary_localization_v1,coarse_localization,2,cem,cem_tuned_qplite_m2,0.496000,1,62800001,seeded_ic_v1,nominal,1.0
nominal_m2_boundary_localization_v1,coarse_localization,2,cem,cem_tuned_qplite_m2,0.496000,2,62800002,seeded_ic_v1,nominal,1.0
nominal_m2_boundary_localization_v1,coarse_localization,2,cem,cem_tuned_qplite_m2,0.496000,3,62800003,seeded_ic_v1,nominal,1.0
nominal_m2_boundary_localization_v1,coarse_localization,2,cem,cem_tuned_qplite_m2,0.496000,4,62800004,seeded_ic_v1,nominal,1.0
nominal_m2_boundary_localization_v1,coarse_localization,2,cem,cem_tuned_qplite_m2,0.496000,5,62800005,seeded_ic_v1,nominal,1.0
nominal_m2_boundary_localization_v1,coarse_localization,2,cem,cem_tuned_qplite_m2,0.496000,6,62800006,seeded_ic_v1,nominal,1.0
nominal_m2_boundary_localization_v1,coarse_localization,2,cem,cem_tuned_qplite_m2,0.496000,7,62800007,seeded_ic_v1,nominal,1.0
nominal_m2_boundary_localization_v1,coarse_localization,2,cem,cem_tuned_qplite_m2,0.496000,8,62800008,seeded_ic_v1,nominal,1.0
nominal_m2_boundary_localization_v1,coarse_localization,2,cem,cem_tuned_qplite_m2,0.496000,9,62800009,seeded_ic_v1,nominal,1.0
nominal_m2_boundary_localization_v1,coarse_localization,2,cem,cem_tuned_qplite_m2,0.496000,10,62800010,seeded_ic_v1,nominal,1.0
nominal_m2_boundary_localization_v1,coarse_localization,2,cem,cem_tuned_qplite_m2,0.496000,11,62800011,seeded_ic_v1,nominal,1.0
nominal_m2_boundary_localization_v1,coarse_localization,2,cem,cem_tuned_qplite_m2,0.496000,12,62800012,seeded_ic_v1,nominal,1.0
nominal_m2_boundary_localization_v1,coarse_localization,2,cem,cem_tuned_qplite_m2,0.497000,1,62800001,seeded_ic_v1,nominal,1.0
nominal_m2_boundary_localization_v1,coarse_localization,2,cem,cem_tuned_qplite_m2,0.497000,2,62800002,seeded_ic_v1,nominal,1.0
nominal_m2_boundary_localization_v1,coarse_localization,2,cem,cem_tuned_qplite_m2,0.497000,3,62800003,seeded_ic_v1,nominal,1.0
nominal_m2_boundary_localization_v1,coarse_localization,2,cem,cem_tuned_qplite_m2,0.497000,4,62800004,seeded_ic_v1,nominal,1.0
nominal_m2_boundary_localization_v1,coarse_localization,2,cem,cem_tuned_qplite_m2,0.497000,5,62800005,seeded_ic_v1,nominal,1.0
nominal_m2_boundary_localization_v1,coarse_localization,2,cem,cem_tuned_qplite_m2,0.497000,6,62800006,seeded_ic_v1,nominal,1.0
nominal_m2_boundary_localization_v1,coarse_localization,2,cem,cem_tuned_qplite_m2,0.497000,7,62800007,seeded_ic_v1,nominal,1.0
nominal_m2_boundary_localization_v1,coarse_localization,2,cem,cem_tuned_qplite_m2,0.497000,8,62800008,seeded_ic_v1,nominal,1.0
nominal_m2_boundary_localization_v1,coarse_localization,2,cem,cem_tuned_qplite_m2,0.497000,9,62800009,seeded_ic_v1,nominal,1.0
nominal_m2_boundary_localization_v1,coarse_localization,2,cem,cem_tuned_qplite_m2,0.497000,10,62800010,seeded_ic_v1,nominal,1.0
nominal_m2_boundary_localization_v1,coarse_localization,2,cem,cem_tuned_qplite_m2,0.497000,11,62800011,seeded_ic_v1,nominal,1.0
nominal_m2_boundary_localization_v1,coarse_localization,2,cem,cem_tuned_qplite_m2,0.497000,12,62800012,seeded_ic_v1,nominal,1.0
nominal_m2_boundary_localization_v1,coarse_localization,2,cem,cem_tuned_qplite_m2,0.498000,1,62800001,seeded_ic_v1,nominal,1.0
nominal_m2_boundary_localization_v1,coarse_localization,2,cem,cem_tuned_qplite_m2,0.498000,2,62800002,seeded_ic_v1,nominal,1.0
nominal_m2_boundary_localization_v1,coarse_localization,2,cem,cem_tuned_qplite_m2,0.498000,3,62800003,seeded_ic_v1,nominal,1.0
nominal_m2_boundary_localization_v1,coarse_localization,2,cem,cem_tuned_qplite_m2,0.498000,4,62800004,seeded_ic_v1,nominal,1.0
nominal_m2_boundary_localization_v1,coarse_localization,2,cem,cem_tuned_qplite_m2,0.498000,5,62800005,seeded_ic_v1,nominal,1.0
nominal_m2_boundary_localization_v1,coarse_localization,2,cem,cem_tuned_qplite_m2,0.498000,6,62800006,seeded_ic_v1,nominal,1.0
nominal_m2_boundary_localization_v1,coarse_localization,2,cem,cem_tuned_qplite_m2,0.498000,7,62800007,seeded_ic_v1,nominal,1.0
nominal_m2_boundary_localization_v1,coarse_localization,2,cem,cem_tuned_qplite_m2,0.498000,8,62800008,seeded_ic_v1,nominal,1.0
nominal_m2_boundary_localization_v1,coarse_localization,2,cem,cem_tuned_qplite_m2,0.498000,9,62800009,seeded_ic_v1,nominal,1.0
nominal_m2_boundary_localization_v1,coarse_localization,2,cem,cem_tuned_qplite_m2,0.498000,10,62800010,seeded_ic_v1,nominal,1.0
nominal_m2_boundary_localization_v1,coarse_localization,2,cem,cem_tuned_qplite_m2,0.498000,11,62800011,seeded_ic_v1,nominal,1.0
nominal_m2_boundary_localization_v1,coarse_localization,2,cem,cem_tuned_qplite_m2,0.498000,12,62800012,seeded_ic_v1,nominal,1.0
nominal_m2_boundary_localization_v1,coarse_localization,2,cem,cem_tuned_qplite_m2,0.499000,1,62800001,seeded_ic_v1,nominal,1.0
nominal_m2_boundary_localization_v1,coarse_localization,2,cem,cem_tuned_qplite_m2,0.499000,2,62800002,seeded_ic_v1,nominal,1.0
nominal_m2_boundary_localization_v1,coarse_localization,2,cem,cem_tuned_qplite_m2,0.499000,3,62800003,seeded_ic_v1,nominal,1.0
nominal_m2_boundary_localization_v1,coarse_localization,2,cem,cem_tuned_qplite_m2,0.499000,4,62800004,seeded_ic_v1,nominal,1.0
nominal_m2_boundary_localization_v1,coarse_localization,2,cem,cem_tuned_qplite_m2,0.499000,5,62800005,seeded_ic_v1,nominal,1.0
nominal_m2_boundary_localization_v1,coarse_localization,2,cem,cem_tuned_qplite_m2,0.499000,6,62800006,seeded_ic_v1,nominal,1.0
nominal_m2_boundary_localization_v1,coarse_localization,2,cem,cem_tuned_qplite_m2,0.499000,7,62800007,seeded_ic_v1,nominal,1.0
nominal_m2_boundary_localization_v1,coarse_localization,2,cem,cem_tuned_qplite_m2,0.499000,8,62800008,seeded_ic_v1,nominal,1.0
nominal_m2_boundary_localization_v1,coarse_localization,2,cem,cem_tuned_qplite_m2,0.499000,9,62800009,seeded_ic_v1,nominal,1.0
nominal_m2_boundary_localization_v1,coarse_localization,2,cem,cem_tuned_qplite_m2,0.499000,10,62800010,seeded_ic_v1,nominal,1.0
nominal_m2_boundary_localization_v1,coarse_localization,2,cem,cem_tuned_qplite_m2,0.499000,11,62800011,seeded_ic_v1,nominal,1.0
nominal_m2_boundary_localization_v1,coarse_localization,2,cem,cem_tuned_qplite_m2,0.499000,12,62800012,seeded_ic_v1,nominal,1.0
nominal_m2_boundary_localization_v1,coarse_localization,2,cem,cem_tuned_qplite_m2,0.500000,1,62800001,seeded_ic_v1,nominal,1.0
nominal_m2_boundary_localization_v1,coarse_localization,2,cem,cem_tuned_qplite_m2,0.500000,2,62800002,seeded_ic_v1,nominal,1.0
nominal_m2_boundary_localization_v1,coarse_localization,2,cem,cem_tuned_qplite_m2,0.500000,3,62800003,seeded_ic_v1,nominal,1.0
nominal_m2_boundary_localization_v1,coarse_localization,2,cem,cem_tuned_qplite_m2,0.500000,4,62800004,seeded_ic_v1,nominal,1.0
nominal_m2_boundary_localization_v1,coarse_localization,2,cem,cem_tuned_qplite_m2,0.500000,5,62800005,seeded_ic_v1,nominal,1.0
nominal_m2_boundary_localization_v1,coarse_localization,2,cem,cem_tuned_qplite_m2,0.500000,6,62800006,seeded_ic_v1,nominal,1.0
nominal_m2_boundary_localization_v1,coarse_localization,2,cem,cem_tuned_qplite_m2,0.500000,7,62800007,seeded_ic_v1,nominal,1.0
nominal_m2_boundary_localization_v1,coarse_localization,2,cem,cem_tuned_qplite_m2,0.500000,8,62800008,seeded_ic_v1,nominal,1.0
nominal_m2_boundary_localization_v1,coarse_localization,2,cem,cem_tuned_qplite_m2,0.500000,9,62800009,seeded_ic_v1,nominal,1.0
nominal_m2_boundary_localization_v1,coarse_localization,2,cem,cem_tuned_qplite_m2,0.500000,10,62800010,seeded_ic_v1,nominal,1.0
nominal_m2_boundary_localization_v1,coarse_localization,2,cem,cem_tuned_qplite_m2,0.500000,11,62800011,seeded_ic_v1,nominal,1.0
nominal_m2_boundary_localization_v1,coarse_localization,2,cem,cem_tuned_qplite_m2,0.500000,12,62800012,seeded_ic_v1,nominal,1.0
nominal_m2_boundary_localization_v1,coarse_localization,2,cem,cem_tuned_qplite_m2,0.502000,1,62800001,seeded_ic_v1,nominal,1.0
nominal_m2_boundary_localization_v1,coarse_localization,2,cem,cem_tuned_qplite_m2,0.502000,2,62800002,seeded_ic_v1,nominal,1.0
nominal_m2_boundary_localization_v1,coarse_localization,2,cem,cem_tuned_qplite_m2,0.502000,3,62800003,seeded_ic_v1,nominal,1.0
nominal_m2_boundary_localization_v1,coarse_localization,2,cem,cem_tuned_qplite_m2,0.502000,4,62800004,seeded_ic_v1,nominal,1.0
nominal_m2_boundary_localization_v1,coarse_localization,2,cem,cem_tuned_qplite_m2,0.502000,5,62800005,seeded_ic_v1,nominal,1.0
nominal_m2_boundary_localization_v1,coarse_localization,2,cem,cem_tuned_qplite_m2,0.502000,6,62800006,seeded_ic_v1,nominal,1.0
nominal_m2_boundary_localization_v1,coarse_localization,2,cem,cem_tuned_qplite_m2,0.502000,7,62800007,seeded_ic_v1,nominal,1.0
nominal_m2_boundary_localization_v1,coarse_localization,2,cem,cem_tuned_qplite_m2,0.502000,8,62800008,seeded_ic_v1,nominal,1.0
nominal_m2_boundary_localization_v1,coarse_localization,2,cem,cem_tuned_qplite_m2,0.502000,9,62800009,seeded_ic_v1,nominal,1.0
nominal_m2_boundary_localization_v1,coarse_localization,2,cem,cem_tuned_qplite_m2,0.502000,10,62800010,seeded_ic_v1,nominal,1.0
nominal_m2_boundary_localization_v1,coarse_localization,2,cem,cem_tuned_qplite_m2,0.502000,11,62800011,seeded_ic_v1,nominal,1.0
nominal_m2_boundary_localization_v1,coarse_localization,2,cem,cem_tuned_qplite_m2,0.502000,12,62800012,seeded_ic_v1,nominal,1.0
