sequence_index,guard_threshold_mps,repetition,trial_seed,tag,expected_csv
1,0.16,21,45780021,m4guardsweep_fresh30_g0p16_seed45780021,logs/qp_event_allocator_m4_eta0p496_m4guardsweep_fresh30_g0p16_seed45780021.csv
2,0.16,4,45780004,m4guardsweep_fresh30_g0p16_seed45780004,logs/qp_event_allocator_m4_eta0p496_m4guardsweep_fresh30_g0p16_seed45780004.csv
3,0.16,30,45780030,m4guardsweep_fresh30_g0p16_seed45780030,logs/qp_event_allocator_m4_eta0p496_m4guardsweep_fresh30_g0p16_seed45780030.csv
4,0.2,25,45780025,m4guardsweep_fresh30_g0p2_seed45780025,logs/qp_event_allocator_m4_eta0p496_m4guardsweep_fresh30_g0p2_seed45780025.csv
5,0.2,8,45780008,m4guardsweep_fresh30_g0p2_seed45780008,logs/qp_event_allocator_m4_eta0p496_m4guardsweep_fresh30_g0p2_seed45780008.csv
6,0.18,10,45780010,m4guardsweep_fresh30_g0p18_seed45780010,logs/qp_event_allocator_m4_eta0p496_m4guardsweep_fresh30_g0p18_seed45780010.csv
7,0.2,20,45780020,m4guardsweep_fresh30_g0p2_seed45780020,logs/qp_event_allocator_m4_eta0p496_m4guardsweep_fresh30_g0p2_seed45780020.csv
8,0.18,22,45780022,m4guardsweep_fresh30_g0p18_seed45780022,logs/qp_event_allocator_m4_eta0p496_m4guardsweep_fresh30_g0p18_seed45780022.csv
9,0.18,17,45780017,m4guardsweep_fresh30_g0p18_seed45780017,logs/qp_event_allocator_m4_eta0p496_m4guardsweep_fresh30_g0p18_seed45780017.csv
10,0.16,24,45780024,m4guardsweep_fresh30_g0p16_seed45780024,logs/qp_event_allocator_m4_eta0p496_m4guardsweep_fresh30_g0p16_seed45780024.csv
11,0.2,4,45780004,m4guardsweep_fresh30_g0p2_seed45780004,logs/qp_event_allocator_m4_eta0p496_m4guardsweep_fresh30_g0p2_seed45780004.csv
12,0.16,18,45780018,m4guardsweep_fresh30_g0p16_seed45780018,logs/qp_event_allocator_m4_eta0p496_m4guardsweep_fresh30_g0p16_seed45780018.csv
13,0.16,5,45780005,m4guardsweep_fresh30_g0p16_seed45780005,logs/qp_event_allocator_m4_eta0p496_m4guardsweep_fresh30_g0p16_seed45780005.csv
14,0.18,19,45780019,m4guardsweep_fresh30_g0p18_seed45780019,logs/qp_event_allocator_m4_eta0p496_m4guardsweep_fresh30_g0p18_seed45780019.csv
15,0.16,22,45780022,m4guardsweep_fresh30_g0p16_seed45780022,logs/qp_event_allocator_m4_eta0p496_m4guardsweep_fresh30_g0p16_seed45780022.csv
16,0.18,25,45780025,m4guardsweep_fresh30_g0p18_seed45780025,logs/qp_event_allocator_m4_eta0p496_m4guardsweep_fresh30_g0p18_seed45780025.csv
17,0.2,3,45780003,m4guardsweep_fresh30_g0p2_seed45780003,logs/qp_event_allocator_m4_eta0p496_m4guardsweep_fresh30_g0p2_seed45780003.csv
18,0.2,28,45780028,m4guardsweep_fresh30_g0p2_seed45780028,logs/qp_event_allocator_m4_eta0p496_m4guardsweep_fresh30_g0p2_seed45780028.csv
19,0.16,16,45780016,m4guardsweep_fresh30_g0p16_seed45780016,logs/qp_event_allocator_m4_eta0p496_m4guardsweep_fresh30_g0p16_seed45780016.csv
20,0.18,12,45780012,m4guardsweep_fresh30_g0p18_seed45780012,logs/qp_event_allocator_m4_eta0p496_m4guardsweep_fresh30_g0p18_seed45780012.csv
21,0.18,21,45780021,m4guardsweep_fresh30_g0p18_seed45780021,logs/qp_event_allocator_m4_eta0p496_m4guardsweep_fresh30_g0p18_seed45780021.csv
22,0.2,21,45780021,m4guardsweep_fresh30_g0p2_seed45780021,logs/qp_event_allocator_m4_eta0p496_m4guardsweep_fresh30_g0p2_seed45780021.csv
23,0.18,29,45780029,m4guardsweep_fresh30_g0p18_seed45780029,logs/qp_event_allocator_m4_eta0p496_m4guardsweep_fresh30_g0p18_seed45780029.csv
24,0.18,26,45780026,m4guardsweep_fresh30_g0p18_seed45780026,logs/qp_event_allocator_m4_eta0p496_m4guardsweep_fresh30_g0p18_seed45780026.csv
25,0.18,6,45780006,m4guardsweep_fresh30_g0p18_seed45780006,logs/qp_event_allocator_m4_eta0p496_m4guardsweep_fresh30_g0p18_seed45780006.csv
26,0.18,16,45780016,m4guardsweep_fresh30_g0p18_seed45780016,logs/qp_event_allocator_m4_eta0p496_m4guardsweep_fresh30_g0p18_seed45780016.csv
27,0.18,7,45780007,m4guardsweep_fresh30_g0p18_seed45780007,logs/qp_event_allocator_m4_eta0p496_m4guardsweep_fresh30_g0p18_seed45780007.csv
28,0.16,12,45780012,m4guardsweep_fresh30_g0p16_seed45780012,logs/qp_event_allocator_m4_eta0p496_m4guardsweep_fresh30_g0p16_seed45780012.csv
29,0.18,2,45780002,m4guardsweep_fresh30_g0p18_seed45780002,logs/qp_event_allocator_m4_eta0p496_m4guardsweep_fresh30_g0p18_seed45780002.csv
30,0.16,13,45780013,m4guardsweep_fresh30_g0p16_seed45780013,logs/qp_event_allocator_m4_eta0p496_m4guardsweep_fresh30_g0p16_seed45780013.csv
31,0.2,10,45780010,m4guardsweep_fresh30_g0p2_seed45780010,logs/qp_event_allocator_m4_eta0p496_m4guardsweep_fresh30_g0p2_seed45780010.csv
32,0.2,9,45780009,m4guardsweep_fresh30_g0p2_seed45780009,logs/qp_event_allocator_m4_eta0p496_m4guardsweep_fresh30_g0p2_seed45780009.csv
33,0.16,8,45780008,m4guardsweep_fresh30_g0p16_seed45780008,logs/qp_event_allocator_m4_eta0p496_m4guardsweep_fresh30_g0p16_seed45780008.csv
34,0.2,29,45780029,m4guardsweep_fresh30_g0p2_seed45780029,logs/qp_event_allocator_m4_eta0p496_m4guardsweep_fresh30_g0p2_seed45780029.csv
35,0.16,29,45780029,m4guardsweep_fresh30_g0p16_seed45780029,logs/qp_event_allocator_m4_eta0p496_m4guardsweep_fresh30_g0p16_seed45780029.csv
36,0.18,18,45780018,m4guardsweep_fresh30_g0p18_seed45780018,logs/qp_event_allocator_m4_eta0p496_m4guardsweep_fresh30_g0p18_seed45780018.csv
37,0.16,11,45780011,m4guardsweep_fresh30_g0p16_seed45780011,logs/qp_event_allocator_m4_eta0p496_m4guardsweep_fresh30_g0p16_seed45780011.csv
38,0.16,23,45780023,m4guardsweep_fresh30_g0p16_seed45780023,logs/qp_event_allocator_m4_eta0p496_m4guardsweep_fresh30_g0p16_seed45780023.csv
39,0.2,7,45780007,m4guardsweep_fresh30_g0p2_seed45780007,logs/qp_event_allocator_m4_eta0p496_m4guardsweep_fresh30_g0p2_seed45780007.csv
40,0.16,26,45780026,m4guardsweep_fresh30_g0p16_seed45780026,logs/qp_event_allocator_m4_eta0p496_m4guardsweep_fresh30_g0p16_seed45780026.csv
41,0.2,23,45780023,m4guardsweep_fresh30_g0p2_seed45780023,logs/qp_event_allocator_m4_eta0p496_m4guardsweep_fresh30_g0p2_seed45780023.csv
42,0.16,17,45780017,m4guardsweep_fresh30_g0p16_seed45780017,logs/qp_event_allocator_m4_eta0p496_m4guardsweep_fresh30_g0p16_seed45780017.csv
43,0.18,15,45780015,m4guardsweep_fresh30_g0p18_seed45780015,logs/qp_event_allocator_m4_eta0p496_m4guardsweep_fresh30_g0p18_seed45780015.csv
44,0.2,17,45780017,m4guardsweep_fresh30_g0p2_seed45780017,logs/qp_event_allocator_m4_eta0p496_m4guardsweep_fresh30_g0p2_seed45780017.csv
45,0.18,9,45780009,m4guardsweep_fresh30_g0p18_seed45780009,logs/qp_event_allocator_m4_eta0p496_m4guardsweep_fresh30_g0p18_seed45780009.csv
46,0.18,24,45780024,m4guardsweep_fresh30_g0p18_seed45780024,logs/qp_event_allocator_m4_eta0p496_m4guardsweep_fresh30_g0p18_seed45780024.csv
47,0.18,11,45780011,m4guardsweep_fresh30_g0p18_seed45780011,logs/qp_event_allocator_m4_eta0p496_m4guardsweep_fresh30_g0p18_seed45780011.csv
48,0.2,5,45780005,m4guardsweep_fresh30_g0p2_seed45780005,logs/qp_event_allocator_m4_eta0p496_m4guardsweep_fresh30_g0p2_seed45780005.csv
49,0.16,28,45780028,m4guardsweep_fresh30_g0p16_seed45780028,logs/qp_event_allocator_m4_eta0p496_m4guardsweep_fresh30_g0p16_seed45780028.csv
50,0.18,27,45780027,m4guardsweep_fresh30_g0p18_seed45780027,logs/qp_event_allocator_m4_eta0p496_m4guardsweep_fresh30_g0p18_seed45780027.csv
51,0.18,3,45780003,m4guardsweep_fresh30_g0p18_seed45780003,logs/qp_event_allocator_m4_eta0p496_m4guardsweep_fresh30_g0p18_seed45780003.csv
52,0.18,23,45780023,m4guardsweep_fresh30_g0p18_seed45780023,logs/qp_event_allocator_m4_eta0p496_m4guardsweep_fresh30_g0p18_seed45780023.csv
53,0.2,11,45780011,m4guardsweep_fresh30_g0p2_seed45780011,logs/qp_event_allocator_m4_eta0p496_m4guardsweep_fresh30_g0p2_seed45780011.csv
54,0.16,27,45780027,m4guardsweep_fresh30_g0p16_seed45780027,logs/qp_event_allocator_m4_eta0p496_m4guardsweep_fresh30_g0p16_seed45780027.csv
55,0.2,19,45780019,m4guardsweep_fresh30_g0p2_seed45780019,logs/qp_event_allocator_m4_eta0p496_m4guardsweep_fresh30_g0p2_seed45780019.csv
56,0.2,6,45780006,m4guardsweep_fresh30_g0p2_seed45780006,logs/qp_event_allocator_m4_eta0p496_m4guardsweep_fresh30_g0p2_seed45780006.csv
57,0.16,9,45780009,m4guardsweep_fresh30_g0p16_seed45780009,logs/qp_event_allocator_m4_eta0p496_m4guardsweep_fresh30_g0p16_seed45780009.csv
58,0.2,14,45780014,m4guardsweep_fresh30_g0p2_seed45780014,logs/qp_event_allocator_m4_eta0p496_m4guardsweep_fresh30_g0p2_seed45780014.csv
59,0.2,24,45780024,m4guardsweep_fresh30_g0p2_seed45780024,logs/qp_event_allocator_m4_eta0p496_m4guardsweep_fresh30_g0p2_seed45780024.csv
60,0.16,3,45780003,m4guardsweep_fresh30_g0p16_seed45780003,logs/qp_event_allocator_m4_eta0p496_m4guardsweep_fresh30_g0p16_seed45780003.csv
61,0.16,7,45780007,m4guardsweep_fresh30_g0p16_seed45780007,logs/qp_event_allocator_m4_eta0p496_m4guardsweep_fresh30_g0p16_seed45780007.csv
62,0.16,2,45780002,m4guardsweep_fresh30_g0p16_seed45780002,logs/qp_event_allocator_m4_eta0p496_m4guardsweep_fresh30_g0p16_seed45780002.csv
63,0.16,10,45780010,m4guardsweep_fresh30_g0p16_seed45780010,logs/qp_event_allocator_m4_eta0p496_m4guardsweep_fresh30_g0p16_seed45780010.csv
64,0.18,13,45780013,m4guardsweep_fresh30_g0p18_seed45780013,logs/qp_event_allocator_m4_eta0p496_m4guardsweep_fresh30_g0p18_seed45780013.csv
65,0.2,12,45780012,m4guardsweep_fresh30_g0p2_seed45780012,logs/qp_event_allocator_m4_eta0p496_m4guardsweep_fresh30_g0p2_seed45780012.csv
66,0.18,4,45780004,m4guardsweep_fresh30_g0p18_seed45780004,logs/qp_event_allocator_m4_eta0p496_m4guardsweep_fresh30_g0p18_seed45780004.csv
67,0.2,27,45780027,m4guardsweep_fresh30_g0p2_seed45780027,logs/qp_event_allocator_m4_eta0p496_m4guardsweep_fresh30_g0p2_seed45780027.csv
68,0.16,1,45780001,m4guardsweep_fresh30_g0p16_seed45780001,logs/qp_event_allocator_m4_eta0p496_m4guardsweep_fresh30_g0p16_seed45780001.csv
69,0.2,26,45780026,m4guardsweep_fresh30_g0p2_seed45780026,logs/qp_event_allocator_m4_eta0p496_m4guardsweep_fresh30_g0p2_seed45780026.csv
70,0.16,25,45780025,m4guardsweep_fresh30_g0p16_seed45780025,logs/qp_event_allocator_m4_eta0p496_m4guardsweep_fresh30_g0p16_seed45780025.csv
71,0.2,18,45780018,m4guardsweep_fresh30_g0p2_seed45780018,logs/qp_event_allocator_m4_eta0p496_m4guardsweep_fresh30_g0p2_seed45780018.csv
72,0.18,8,45780008,m4guardsweep_fresh30_g0p18_seed45780008,logs/qp_event_allocator_m4_eta0p496_m4guardsweep_fresh30_g0p18_seed45780008.csv
73,0.18,1,45780001,m4guardsweep_fresh30_g0p18_seed45780001,logs/qp_event_allocator_m4_eta0p496_m4guardsweep_fresh30_g0p18_seed45780001.csv
74,0.18,5,45780005,m4guardsweep_fresh30_g0p18_seed45780005,logs/qp_event_allocator_m4_eta0p496_m4guardsweep_fresh30_g0p18_seed45780005.csv
75,0.2,30,45780030,m4guardsweep_fresh30_g0p2_seed45780030,logs/qp_event_allocator_m4_eta0p496_m4guardsweep_fresh30_g0p2_seed45780030.csv
76,0.16,6,45780006,m4guardsweep_fresh30_g0p16_seed45780006,logs/qp_event_allocator_m4_eta0p496_m4guardsweep_fresh30_g0p16_seed45780006.csv
77,0.18,20,45780020,m4guardsweep_fresh30_g0p18_seed45780020,logs/qp_event_allocator_m4_eta0p496_m4guardsweep_fresh30_g0p18_seed45780020.csv
78,0.16,15,45780015,m4guardsweep_fresh30_g0p16_seed45780015,logs/qp_event_allocator_m4_eta0p496_m4guardsweep_fresh30_g0p16_seed45780015.csv
79,0.18,14,45780014,m4guardsweep_fresh30_g0p18_seed45780014,logs/qp_event_allocator_m4_eta0p496_m4guardsweep_fresh30_g0p18_seed45780014.csv
80,0.2,16,45780016,m4guardsweep_fresh30_g0p2_seed45780016,logs/qp_event_allocator_m4_eta0p496_m4guardsweep_fresh30_g0p2_seed45780016.csv
81,0.2,2,45780002,m4guardsweep_fresh30_g0p2_seed45780002,logs/qp_event_allocator_m4_eta0p496_m4guardsweep_fresh30_g0p2_seed45780002.csv
82,0.2,13,45780013,m4guardsweep_fresh30_g0p2_seed45780013,logs/qp_event_allocator_m4_eta0p496_m4guardsweep_fresh30_g0p2_seed45780013.csv
83,0.18,30,45780030,m4guardsweep_fresh30_g0p18_seed45780030,logs/qp_event_allocator_m4_eta0p496_m4guardsweep_fresh30_g0p18_seed45780030.csv
84,0.2,15,45780015,m4guardsweep_fresh30_g0p2_seed45780015,logs/qp_event_allocator_m4_eta0p496_m4guardsweep_fresh30_g0p2_seed45780015.csv
85,0.16,20,45780020,m4guardsweep_fresh30_g0p16_seed45780020,logs/qp_event_allocator_m4_eta0p496_m4guardsweep_fresh30_g0p16_seed45780020.csv
86,0.2,22,45780022,m4guardsweep_fresh30_g0p2_seed45780022,logs/qp_event_allocator_m4_eta0p496_m4guardsweep_fresh30_g0p2_seed45780022.csv
87,0.16,14,45780014,m4guardsweep_fresh30_g0p16_seed45780014,logs/qp_event_allocator_m4_eta0p496_m4guardsweep_fresh30_g0p16_seed45780014.csv
88,0.18,28,45780028,m4guardsweep_fresh30_g0p18_seed45780028,logs/qp_event_allocator_m4_eta0p496_m4guardsweep_fresh30_g0p18_seed45780028.csv
89,0.2,1,45780001,m4guardsweep_fresh30_g0p2_seed45780001,logs/qp_event_allocator_m4_eta0p496_m4guardsweep_fresh30_g0p2_seed45780001.csv
90,0.16,19,45780019,m4guardsweep_fresh30_g0p16_seed45780019,logs/qp_event_allocator_m4_eta0p496_m4guardsweep_fresh30_g0p16_seed45780019.csv
