sequence_index,motor,repetition_within_motor,trial_seed,selected_policy,tag,expected_csv
1,2,1,25680001,pinv_bounded_wls,seededsupervisor_production120_v2_m2_eta0p496_seed25680001,logs/qp_event_allocator_m2_eta0p496_seededsupervisor_production120_v2_m2_eta0p496_seed25680001.csv
2,3,1,35680001,cem_tuned_qplite,seededsupervisor_production120_v2_m3_eta0p496_seed35680001,logs/qp_event_allocator_m3_eta0p496_seededsupervisor_production120_v2_m3_eta0p496_seed35680001.csv
3,3,2,35680002,cem_tuned_qplite,seededsupervisor_production120_v2_m3_eta0p496_seed35680002,logs/qp_event_allocator_m3_eta0p496_seededsupervisor_production120_v2_m3_eta0p496_seed35680002.csv
4,1,1,15680001,cem_tuned_qplite,seededsupervisor_production120_v2_m1_eta0p496_seed15680001,logs/qp_event_allocator_m1_eta0p496_seededsupervisor_production120_v2_m1_eta0p496_seed15680001.csv
5,2,2,25680002,pinv_bounded_wls,seededsupervisor_production120_v2_m2_eta0p496_seed25680002,logs/qp_event_allocator_m2_eta0p496_seededsupervisor_production120_v2_m2_eta0p496_seed25680002.csv
6,1,2,15680002,cem_tuned_qplite,seededsupervisor_production120_v2_m1_eta0p496_seed15680002,logs/qp_event_allocator_m1_eta0p496_seededsupervisor_production120_v2_m1_eta0p496_seed15680002.csv
7,2,3,25680003,pinv_bounded_wls,seededsupervisor_production120_v2_m2_eta0p496_seed25680003,logs/qp_event_allocator_m2_eta0p496_seededsupervisor_production120_v2_m2_eta0p496_seed25680003.csv
8,2,4,25680004,pinv_bounded_wls,seededsupervisor_production120_v2_m2_eta0p496_seed25680004,logs/qp_event_allocator_m2_eta0p496_seededsupervisor_production120_v2_m2_eta0p496_seed25680004.csv
9,1,3,15680003,cem_tuned_qplite,seededsupervisor_production120_v2_m1_eta0p496_seed15680003,logs/qp_event_allocator_m1_eta0p496_seededsupervisor_production120_v2_m1_eta0p496_seed15680003.csv
10,4,1,45680001,manual_opp_m2_14000,seededsupervisor_production120_v2_m4_eta0p496_seed45680001,logs/qp_event_allocator_m4_eta0p496_seededsupervisor_production120_v2_m4_eta0p496_seed45680001.csv
11,3,3,35680003,cem_tuned_qplite,seededsupervisor_production120_v2_m3_eta0p496_seed35680003,logs/qp_event_allocator_m3_eta0p496_seededsupervisor_production120_v2_m3_eta0p496_seed35680003.csv
12,4,2,45680002,manual_opp_m2_14000,seededsupervisor_production120_v2_m4_eta0p496_seed45680002,logs/qp_event_allocator_m4_eta0p496_seededsupervisor_production120_v2_m4_eta0p496_seed45680002.csv
13,4,3,45680003,manual_opp_m2_14000,seededsupervisor_production120_v2_m4_eta0p496_seed45680003,logs/qp_event_allocator_m4_eta0p496_seededsupervisor_production120_v2_m4_eta0p496_seed45680003.csv
14,4,4,45680004,manual_opp_m2_14000,seededsupervisor_production120_v2_m4_eta0p496_seed45680004,logs/qp_event_allocator_m4_eta0p496_seededsupervisor_production120_v2_m4_eta0p496_seed45680004.csv
15,1,4,15680004,cem_tuned_qplite,seededsupervisor_production120_v2_m1_eta0p496_seed15680004,logs/qp_event_allocator_m1_eta0p496_seededsupervisor_production120_v2_m1_eta0p496_seed15680004.csv
16,4,5,45680005,manual_opp_m2_14000,seededsupervisor_production120_v2_m4_eta0p496_seed45680005,logs/qp_event_allocator_m4_eta0p496_seededsupervisor_production120_v2_m4_eta0p496_seed45680005.csv
17,1,5,15680005,cem_tuned_qplite,seededsupervisor_production120_v2_m1_eta0p496_seed15680005,logs/qp_event_allocator_m1_eta0p496_seededsupervisor_production120_v2_m1_eta0p496_seed15680005.csv
18,4,6,45680006,manual_opp_m2_14000,seededsupervisor_production120_v2_m4_eta0p496_seed45680006,logs/qp_event_allocator_m4_eta0p496_seededsupervisor_production120_v2_m4_eta0p496_seed45680006.csv
19,2,5,25680005,pinv_bounded_wls,seededsupervisor_production120_v2_m2_eta0p496_seed25680005,logs/qp_event_allocator_m2_eta0p496_seededsupervisor_production120_v2_m2_eta0p496_seed25680005.csv
20,1,6,15680006,cem_tuned_qplite,seededsupervisor_production120_v2_m1_eta0p496_seed15680006,logs/qp_event_allocator_m1_eta0p496_seededsupervisor_production120_v2_m1_eta0p496_seed15680006.csv
21,3,4,35680004,cem_tuned_qplite,seededsupervisor_production120_v2_m3_eta0p496_seed35680004,logs/qp_event_allocator_m3_eta0p496_seededsupervisor_production120_v2_m3_eta0p496_seed35680004.csv
22,4,7,45680007,manual_opp_m2_14000,seededsupervisor_production120_v2_m4_eta0p496_seed45680007,logs/qp_event_allocator_m4_eta0p496_seededsupervisor_production120_v2_m4_eta0p496_seed45680007.csv
23,4,8,45680008,manual_opp_m2_14000,seededsupervisor_production120_v2_m4_eta0p496_seed45680008,logs/qp_event_allocator_m4_eta0p496_seededsupervisor_production120_v2_m4_eta0p496_seed45680008.csv
24,1,7,15680007,cem_tuned_qplite,seededsupervisor_production120_v2_m1_eta0p496_seed15680007,logs/qp_event_allocator_m1_eta0p496_seededsupervisor_production120_v2_m1_eta0p496_seed15680007.csv
25,4,9,45680009,manual_opp_m2_14000,seededsupervisor_production120_v2_m4_eta0p496_seed45680009,logs/qp_event_allocator_m4_eta0p496_seededsupervisor_production120_v2_m4_eta0p496_seed45680009.csv
26,3,5,35680005,cem_tuned_qplite,seededsupervisor_production120_v2_m3_eta0p496_seed35680005,logs/qp_event_allocator_m3_eta0p496_seededsupervisor_production120_v2_m3_eta0p496_seed35680005.csv
27,3,6,35680006,cem_tuned_qplite,seededsupervisor_production120_v2_m3_eta0p496_seed35680006,logs/qp_event_allocator_m3_eta0p496_seededsupervisor_production120_v2_m3_eta0p496_seed35680006.csv
28,1,8,15680008,cem_tuned_qplite,seededsupervisor_production120_v2_m1_eta0p496_seed15680008,logs/qp_event_allocator_m1_eta0p496_seededsupervisor_production120_v2_m1_eta0p496_seed15680008.csv
29,2,6,25680006,pinv_bounded_wls,seededsupervisor_production120_v2_m2_eta0p496_seed25680006,logs/qp_event_allocator_m2_eta0p496_seededsupervisor_production120_v2_m2_eta0p496_seed25680006.csv
30,2,7,25680007,pinv_bounded_wls,seededsupervisor_production120_v2_m2_eta0p496_seed25680007,logs/qp_event_allocator_m2_eta0p496_seededsupervisor_production120_v2_m2_eta0p496_seed25680007.csv
31,3,7,35680007,cem_tuned_qplite,seededsupervisor_production120_v2_m3_eta0p496_seed35680007,logs/qp_event_allocator_m3_eta0p496_seededsupervisor_production120_v2_m3_eta0p496_seed35680007.csv
32,4,10,45680010,manual_opp_m2_14000,seededsupervisor_production120_v2_m4_eta0p496_seed45680010,logs/qp_event_allocator_m4_eta0p496_seededsupervisor_production120_v2_m4_eta0p496_seed45680010.csv
33,1,9,15680009,cem_tuned_qplite,seededsupervisor_production120_v2_m1_eta0p496_seed15680009,logs/qp_event_allocator_m1_eta0p496_seededsupervisor_production120_v2_m1_eta0p496_seed15680009.csv
34,3,8,35680008,cem_tuned_qplite,seededsupervisor_production120_v2_m3_eta0p496_seed35680008,logs/qp_event_allocator_m3_eta0p496_seededsupervisor_production120_v2_m3_eta0p496_seed35680008.csv
35,4,11,45680011,manual_opp_m2_14000,seededsupervisor_production120_v2_m4_eta0p496_seed45680011,logs/qp_event_allocator_m4_eta0p496_seededsupervisor_production120_v2_m4_eta0p496_seed45680011.csv
36,1,10,15680010,cem_tuned_qplite,seededsupervisor_production120_v2_m1_eta0p496_seed15680010,logs/qp_event_allocator_m1_eta0p496_seededsupervisor_production120_v2_m1_eta0p496_seed15680010.csv
37,2,8,25680008,pinv_bounded_wls,seededsupervisor_production120_v2_m2_eta0p496_seed25680008,logs/qp_event_allocator_m2_eta0p496_seededsupervisor_production120_v2_m2_eta0p496_seed25680008.csv
38,4,12,45680012,manual_opp_m2_14000,seededsupervisor_production120_v2_m4_eta0p496_seed45680012,logs/qp_event_allocator_m4_eta0p496_seededsupervisor_production120_v2_m4_eta0p496_seed45680012.csv
39,3,9,35680009,cem_tuned_qplite,seededsupervisor_production120_v2_m3_eta0p496_seed35680009,logs/qp_event_allocator_m3_eta0p496_seededsupervisor_production120_v2_m3_eta0p496_seed35680009.csv
40,1,11,15680011,cem_tuned_qplite,seededsupervisor_production120_v2_m1_eta0p496_seed15680011,logs/qp_event_allocator_m1_eta0p496_seededsupervisor_production120_v2_m1_eta0p496_seed15680011.csv
41,2,9,25680009,pinv_bounded_wls,seededsupervisor_production120_v2_m2_eta0p496_seed25680009,logs/qp_event_allocator_m2_eta0p496_seededsupervisor_production120_v2_m2_eta0p496_seed25680009.csv
42,3,10,35680010,cem_tuned_qplite,seededsupervisor_production120_v2_m3_eta0p496_seed35680010,logs/qp_event_allocator_m3_eta0p496_seededsupervisor_production120_v2_m3_eta0p496_seed35680010.csv
43,1,12,15680012,cem_tuned_qplite,seededsupervisor_production120_v2_m1_eta0p496_seed15680012,logs/qp_event_allocator_m1_eta0p496_seededsupervisor_production120_v2_m1_eta0p496_seed15680012.csv
44,4,13,45680013,manual_opp_m2_14000,seededsupervisor_production120_v2_m4_eta0p496_seed45680013,logs/qp_event_allocator_m4_eta0p496_seededsupervisor_production120_v2_m4_eta0p496_seed45680013.csv
45,2,10,25680010,pinv_bounded_wls,seededsupervisor_production120_v2_m2_eta0p496_seed25680010,logs/qp_event_allocator_m2_eta0p496_seededsupervisor_production120_v2_m2_eta0p496_seed25680010.csv
46,2,11,25680011,pinv_bounded_wls,seededsupervisor_production120_v2_m2_eta0p496_seed25680011,logs/qp_event_allocator_m2_eta0p496_seededsupervisor_production120_v2_m2_eta0p496_seed25680011.csv
47,3,11,35680011,cem_tuned_qplite,seededsupervisor_production120_v2_m3_eta0p496_seed35680011,logs/qp_event_allocator_m3_eta0p496_seededsupervisor_production120_v2_m3_eta0p496_seed35680011.csv
48,1,13,15680013,cem_tuned_qplite,seededsupervisor_production120_v2_m1_eta0p496_seed15680013,logs/qp_event_allocator_m1_eta0p496_seededsupervisor_production120_v2_m1_eta0p496_seed15680013.csv
49,4,14,45680014,manual_opp_m2_14000,seededsupervisor_production120_v2_m4_eta0p496_seed45680014,logs/qp_event_allocator_m4_eta0p496_seededsupervisor_production120_v2_m4_eta0p496_seed45680014.csv
50,4,15,45680015,manual_opp_m2_14000,seededsupervisor_production120_v2_m4_eta0p496_seed45680015,logs/qp_event_allocator_m4_eta0p496_seededsupervisor_production120_v2_m4_eta0p496_seed45680015.csv
51,2,12,25680012,pinv_bounded_wls,seededsupervisor_production120_v2_m2_eta0p496_seed25680012,logs/qp_event_allocator_m2_eta0p496_seededsupervisor_production120_v2_m2_eta0p496_seed25680012.csv
52,4,16,45680016,manual_opp_m2_14000,seededsupervisor_production120_v2_m4_eta0p496_seed45680016,logs/qp_event_allocator_m4_eta0p496_seededsupervisor_production120_v2_m4_eta0p496_seed45680016.csv
53,1,14,15680014,cem_tuned_qplite,seededsupervisor_production120_v2_m1_eta0p496_seed15680014,logs/qp_event_allocator_m1_eta0p496_seededsupervisor_production120_v2_m1_eta0p496_seed15680014.csv
54,2,13,25680013,pinv_bounded_wls,seededsupervisor_production120_v2_m2_eta0p496_seed25680013,logs/qp_event_allocator_m2_eta0p496_seededsupervisor_production120_v2_m2_eta0p496_seed25680013.csv
55,2,14,25680014,pinv_bounded_wls,seededsupervisor_production120_v2_m2_eta0p496_seed25680014,logs/qp_event_allocator_m2_eta0p496_seededsupervisor_production120_v2_m2_eta0p496_seed25680014.csv
56,4,17,45680017,manual_opp_m2_14000,seededsupervisor_production120_v2_m4_eta0p496_seed45680017,logs/qp_event_allocator_m4_eta0p496_seededsupervisor_production120_v2_m4_eta0p496_seed45680017.csv
57,1,15,15680015,cem_tuned_qplite,seededsupervisor_production120_v2_m1_eta0p496_seed15680015,logs/qp_event_allocator_m1_eta0p496_seededsupervisor_production120_v2_m1_eta0p496_seed15680015.csv
58,1,16,15680016,cem_tuned_qplite,seededsupervisor_production120_v2_m1_eta0p496_seed15680016,logs/qp_event_allocator_m1_eta0p496_seededsupervisor_production120_v2_m1_eta0p496_seed15680016.csv
59,4,18,45680018,manual_opp_m2_14000,seededsupervisor_production120_v2_m4_eta0p496_seed45680018,logs/qp_event_allocator_m4_eta0p496_seededsupervisor_production120_v2_m4_eta0p496_seed45680018.csv
60,1,17,15680017,cem_tuned_qplite,seededsupervisor_production120_v2_m1_eta0p496_seed15680017,logs/qp_event_allocator_m1_eta0p496_seededsupervisor_production120_v2_m1_eta0p496_seed15680017.csv
61,2,15,25680015,pinv_bounded_wls,seededsupervisor_production120_v2_m2_eta0p496_seed25680015,logs/qp_event_allocator_m2_eta0p496_seededsupervisor_production120_v2_m2_eta0p496_seed25680015.csv
62,4,19,45680019,manual_opp_m2_14000,seededsupervisor_production120_v2_m4_eta0p496_seed45680019,logs/qp_event_allocator_m4_eta0p496_seededsupervisor_production120_v2_m4_eta0p496_seed45680019.csv
63,2,16,25680016,pinv_bounded_wls,seededsupervisor_production120_v2_m2_eta0p496_seed25680016,logs/qp_event_allocator_m2_eta0p496_seededsupervisor_production120_v2_m2_eta0p496_seed25680016.csv
64,4,20,45680020,manual_opp_m2_14000,seededsupervisor_production120_v2_m4_eta0p496_seed45680020,logs/qp_event_allocator_m4_eta0p496_seededsupervisor_production120_v2_m4_eta0p496_seed45680020.csv
65,1,18,15680018,cem_tuned_qplite,seededsupervisor_production120_v2_m1_eta0p496_seed15680018,logs/qp_event_allocator_m1_eta0p496_seededsupervisor_production120_v2_m1_eta0p496_seed15680018.csv
66,3,12,35680012,cem_tuned_qplite,seededsupervisor_production120_v2_m3_eta0p496_seed35680012,logs/qp_event_allocator_m3_eta0p496_seededsupervisor_production120_v2_m3_eta0p496_seed35680012.csv
67,3,13,35680013,cem_tuned_qplite,seededsupervisor_production120_v2_m3_eta0p496_seed35680013,logs/qp_event_allocator_m3_eta0p496_seededsupervisor_production120_v2_m3_eta0p496_seed35680013.csv
68,1,19,15680019,cem_tuned_qplite,seededsupervisor_production120_v2_m1_eta0p496_seed15680019,logs/qp_event_allocator_m1_eta0p496_seededsupervisor_production120_v2_m1_eta0p496_seed15680019.csv
69,3,14,35680014,cem_tuned_qplite,seededsupervisor_production120_v2_m3_eta0p496_seed35680014,logs/qp_event_allocator_m3_eta0p496_seededsupervisor_production120_v2_m3_eta0p496_seed35680014.csv
70,2,17,25680017,pinv_bounded_wls,seededsupervisor_production120_v2_m2_eta0p496_seed25680017,logs/qp_event_allocator_m2_eta0p496_seededsupervisor_production120_v2_m2_eta0p496_seed25680017.csv
71,3,15,35680015,cem_tuned_qplite,seededsupervisor_production120_v2_m3_eta0p496_seed35680015,logs/qp_event_allocator_m3_eta0p496_seededsupervisor_production120_v2_m3_eta0p496_seed35680015.csv
72,4,21,45680021,manual_opp_m2_14000,seededsupervisor_production120_v2_m4_eta0p496_seed45680021,logs/qp_event_allocator_m4_eta0p496_seededsupervisor_production120_v2_m4_eta0p496_seed45680021.csv
73,2,18,25680018,pinv_bounded_wls,seededsupervisor_production120_v2_m2_eta0p496_seed25680018,logs/qp_event_allocator_m2_eta0p496_seededsupervisor_production120_v2_m2_eta0p496_seed25680018.csv
74,1,20,15680020,cem_tuned_qplite,seededsupervisor_production120_v2_m1_eta0p496_seed15680020,logs/qp_event_allocator_m1_eta0p496_seededsupervisor_production120_v2_m1_eta0p496_seed15680020.csv
75,3,16,35680016,cem_tuned_qplite,seededsupervisor_production120_v2_m3_eta0p496_seed35680016,logs/qp_event_allocator_m3_eta0p496_seededsupervisor_production120_v2_m3_eta0p496_seed35680016.csv
76,1,21,15680021,cem_tuned_qplite,seededsupervisor_production120_v2_m1_eta0p496_seed15680021,logs/qp_event_allocator_m1_eta0p496_seededsupervisor_production120_v2_m1_eta0p496_seed15680021.csv
77,3,17,35680017,cem_tuned_qplite,seededsupervisor_production120_v2_m3_eta0p496_seed35680017,logs/qp_event_allocator_m3_eta0p496_seededsupervisor_production120_v2_m3_eta0p496_seed35680017.csv
78,4,22,45680022,manual_opp_m2_14000,seededsupervisor_production120_v2_m4_eta0p496_seed45680022,logs/qp_event_allocator_m4_eta0p496_seededsupervisor_production120_v2_m4_eta0p496_seed45680022.csv
79,3,18,35680018,cem_tuned_qplite,seededsupervisor_production120_v2_m3_eta0p496_seed35680018,logs/qp_event_allocator_m3_eta0p496_seededsupervisor_production120_v2_m3_eta0p496_seed35680018.csv
80,2,19,25680019,pinv_bounded_wls,seededsupervisor_production120_v2_m2_eta0p496_seed25680019,logs/qp_event_allocator_m2_eta0p496_seededsupervisor_production120_v2_m2_eta0p496_seed25680019.csv
81,4,23,45680023,manual_opp_m2_14000,seededsupervisor_production120_v2_m4_eta0p496_seed45680023,logs/qp_event_allocator_m4_eta0p496_seededsupervisor_production120_v2_m4_eta0p496_seed45680023.csv
82,3,19,35680019,cem_tuned_qplite,seededsupervisor_production120_v2_m3_eta0p496_seed35680019,logs/qp_event_allocator_m3_eta0p496_seededsupervisor_production120_v2_m3_eta0p496_seed35680019.csv
83,2,20,25680020,pinv_bounded_wls,seededsupervisor_production120_v2_m2_eta0p496_seed25680020,logs/qp_event_allocator_m2_eta0p496_seededsupervisor_production120_v2_m2_eta0p496_seed25680020.csv
84,4,24,45680024,manual_opp_m2_14000,seededsupervisor_production120_v2_m4_eta0p496_seed45680024,logs/qp_event_allocator_m4_eta0p496_seededsupervisor_production120_v2_m4_eta0p496_seed45680024.csv
85,2,21,25680021,pinv_bounded_wls,seededsupervisor_production120_v2_m2_eta0p496_seed25680021,logs/qp_event_allocator_m2_eta0p496_seededsupervisor_production120_v2_m2_eta0p496_seed25680021.csv
86,1,22,15680022,cem_tuned_qplite,seededsupervisor_production120_v2_m1_eta0p496_seed15680022,logs/qp_event_allocator_m1_eta0p496_seededsupervisor_production120_v2_m1_eta0p496_seed15680022.csv
87,2,22,25680022,pinv_bounded_wls,seededsupervisor_production120_v2_m2_eta0p496_seed25680022,logs/qp_event_allocator_m2_eta0p496_seededsupervisor_production120_v2_m2_eta0p496_seed25680022.csv
88,2,23,25680023,pinv_bounded_wls,seededsupervisor_production120_v2_m2_eta0p496_seed25680023,logs/qp_event_allocator_m2_eta0p496_seededsupervisor_production120_v2_m2_eta0p496_seed25680023.csv
89,4,25,45680025,manual_opp_m2_14000,seededsupervisor_production120_v2_m4_eta0p496_seed45680025,logs/qp_event_allocator_m4_eta0p496_seededsupervisor_production120_v2_m4_eta0p496_seed45680025.csv
90,3,20,35680020,cem_tuned_qplite,seededsupervisor_production120_v2_m3_eta0p496_seed35680020,logs/qp_event_allocator_m3_eta0p496_seededsupervisor_production120_v2_m3_eta0p496_seed35680020.csv
91,3,21,35680021,cem_tuned_qplite,seededsupervisor_production120_v2_m3_eta0p496_seed35680021,logs/qp_event_allocator_m3_eta0p496_seededsupervisor_production120_v2_m3_eta0p496_seed35680021.csv
92,3,22,35680022,cem_tuned_qplite,seededsupervisor_production120_v2_m3_eta0p496_seed35680022,logs/qp_event_allocator_m3_eta0p496_seededsupervisor_production120_v2_m3_eta0p496_seed35680022.csv
93,3,23,35680023,cem_tuned_qplite,seededsupervisor_production120_v2_m3_eta0p496_seed35680023,logs/qp_event_allocator_m3_eta0p496_seededsupervisor_production120_v2_m3_eta0p496_seed35680023.csv
94,2,24,25680024,pinv_bounded_wls,seededsupervisor_production120_v2_m2_eta0p496_seed25680024,logs/qp_event_allocator_m2_eta0p496_seededsupervisor_production120_v2_m2_eta0p496_seed25680024.csv
95,4,26,45680026,manual_opp_m2_14000,seededsupervisor_production120_v2_m4_eta0p496_seed45680026,logs/qp_event_allocator_m4_eta0p496_seededsupervisor_production120_v2_m4_eta0p496_seed45680026.csv
96,1,23,15680023,cem_tuned_qplite,seededsupervisor_production120_v2_m1_eta0p496_seed15680023,logs/qp_event_allocator_m1_eta0p496_seededsupervisor_production120_v2_m1_eta0p496_seed15680023.csv
97,2,25,25680025,pinv_bounded_wls,seededsupervisor_production120_v2_m2_eta0p496_seed25680025,logs/qp_event_allocator_m2_eta0p496_seededsupervisor_production120_v2_m2_eta0p496_seed25680025.csv
98,1,24,15680024,cem_tuned_qplite,seededsupervisor_production120_v2_m1_eta0p496_seed15680024,logs/qp_event_allocator_m1_eta0p496_seededsupervisor_production120_v2_m1_eta0p496_seed15680024.csv
99,3,24,35680024,cem_tuned_qplite,seededsupervisor_production120_v2_m3_eta0p496_seed35680024,logs/qp_event_allocator_m3_eta0p496_seededsupervisor_production120_v2_m3_eta0p496_seed35680024.csv
100,3,25,35680025,cem_tuned_qplite,seededsupervisor_production120_v2_m3_eta0p496_seed35680025,logs/qp_event_allocator_m3_eta0p496_seededsupervisor_production120_v2_m3_eta0p496_seed35680025.csv
101,1,25,15680025,cem_tuned_qplite,seededsupervisor_production120_v2_m1_eta0p496_seed15680025,logs/qp_event_allocator_m1_eta0p496_seededsupervisor_production120_v2_m1_eta0p496_seed15680025.csv
102,3,26,35680026,cem_tuned_qplite,seededsupervisor_production120_v2_m3_eta0p496_seed35680026,logs/qp_event_allocator_m3_eta0p496_seededsupervisor_production120_v2_m3_eta0p496_seed35680026.csv
103,3,27,35680027,cem_tuned_qplite,seededsupervisor_production120_v2_m3_eta0p496_seed35680027,logs/qp_event_allocator_m3_eta0p496_seededsupervisor_production120_v2_m3_eta0p496_seed35680027.csv
104,4,27,45680027,manual_opp_m2_14000,seededsupervisor_production120_v2_m4_eta0p496_seed45680027,logs/qp_event_allocator_m4_eta0p496_seededsupervisor_production120_v2_m4_eta0p496_seed45680027.csv
105,2,26,25680026,pinv_bounded_wls,seededsupervisor_production120_v2_m2_eta0p496_seed25680026,logs/qp_event_allocator_m2_eta0p496_seededsupervisor_production120_v2_m2_eta0p496_seed25680026.csv
106,1,26,15680026,cem_tuned_qplite,seededsupervisor_production120_v2_m1_eta0p496_seed15680026,logs/qp_event_allocator_m1_eta0p496_seededsupervisor_production120_v2_m1_eta0p496_seed15680026.csv
107,1,27,15680027,cem_tuned_qplite,seededsupervisor_production120_v2_m1_eta0p496_seed15680027,logs/qp_event_allocator_m1_eta0p496_seededsupervisor_production120_v2_m1_eta0p496_seed15680027.csv
108,1,28,15680028,cem_tuned_qplite,seededsupervisor_production120_v2_m1_eta0p496_seed15680028,logs/qp_event_allocator_m1_eta0p496_seededsupervisor_production120_v2_m1_eta0p496_seed15680028.csv
109,2,27,25680027,pinv_bounded_wls,seededsupervisor_production120_v2_m2_eta0p496_seed25680027,logs/qp_event_allocator_m2_eta0p496_seededsupervisor_production120_v2_m2_eta0p496_seed25680027.csv
110,4,28,45680028,manual_opp_m2_14000,seededsupervisor_production120_v2_m4_eta0p496_seed45680028,logs/qp_event_allocator_m4_eta0p496_seededsupervisor_production120_v2_m4_eta0p496_seed45680028.csv
111,4,29,45680029,manual_opp_m2_14000,seededsupervisor_production120_v2_m4_eta0p496_seed45680029,logs/qp_event_allocator_m4_eta0p496_seededsupervisor_production120_v2_m4_eta0p496_seed45680029.csv
112,2,28,25680028,pinv_bounded_wls,seededsupervisor_production120_v2_m2_eta0p496_seed25680028,logs/qp_event_allocator_m2_eta0p496_seededsupervisor_production120_v2_m2_eta0p496_seed25680028.csv
113,2,29,25680029,pinv_bounded_wls,seededsupervisor_production120_v2_m2_eta0p496_seed25680029,logs/qp_event_allocator_m2_eta0p496_seededsupervisor_production120_v2_m2_eta0p496_seed25680029.csv
114,3,28,35680028,cem_tuned_qplite,seededsupervisor_production120_v2_m3_eta0p496_seed35680028,logs/qp_event_allocator_m3_eta0p496_seededsupervisor_production120_v2_m3_eta0p496_seed35680028.csv
115,1,29,15680029,cem_tuned_qplite,seededsupervisor_production120_v2_m1_eta0p496_seed15680029,logs/qp_event_allocator_m1_eta0p496_seededsupervisor_production120_v2_m1_eta0p496_seed15680029.csv
116,1,30,15680030,cem_tuned_qplite,seededsupervisor_production120_v2_m1_eta0p496_seed15680030,logs/qp_event_allocator_m1_eta0p496_seededsupervisor_production120_v2_m1_eta0p496_seed15680030.csv
117,3,29,35680029,cem_tuned_qplite,seededsupervisor_production120_v2_m3_eta0p496_seed35680029,logs/qp_event_allocator_m3_eta0p496_seededsupervisor_production120_v2_m3_eta0p496_seed35680029.csv
118,2,30,25680030,pinv_bounded_wls,seededsupervisor_production120_v2_m2_eta0p496_seed25680030,logs/qp_event_allocator_m2_eta0p496_seededsupervisor_production120_v2_m2_eta0p496_seed25680030.csv
119,4,30,45680030,manual_opp_m2_14000,seededsupervisor_production120_v2_m4_eta0p496_seed45680030,logs/qp_event_allocator_m4_eta0p496_seededsupervisor_production120_v2_m4_eta0p496_seed45680030.csv
120,3,30,35680030,cem_tuned_qplite,seededsupervisor_production120_v2_m3_eta0p496_seed35680030,logs/qp_event_allocator_m3_eta0p496_seededsupervisor_production120_v2_m3_eta0p496_seed35680030.csv
